<?xml version="1.0" encoding="utf-8"?><?xml-stylesheet type="text/xsl" href="https://portal.rosreestr.ru/xsl/GKN/KPT/07/common.xsl"?><Region_Cadastr><eDocument CodeType="101" Version="07"><Sender Kod="051101077000" Name="филиал ФГБУ &quot;ФКП Росреестра&quot; по Москве" Date_Upload="2012-08-13" /><Recipient /></eDocument><Package><Federal CadastralNumber="00"><Cadastral_Regions><Cadastral_Region CadastralNumber="77"><Cadastral_Districts><Cadastral_District CadastralNumber="77:01"><Cadastral_Blocks><Cadastral_Block CadastralNumber="77:01:0003031"><Area Total="11.37" Unit="059" /><Parcels><Parcel CadastralNumber=":1" Name="01" State="01" DateCreated="2007-01-01"><Areas><Area><AreaCode>008</AreaCode><Area>20000</Area><Unit>055</Unit></Area></Areas><Location><Address><Code_OKATO>45286565000</Code_OKATO><Code_KLADR>77000000000064000</Code_KLADR><Region>77</Region><Street Name="Комсомольская" Type="пл" /><Level1 Type="д" Value="6" /><Level3 Type="строен" Value="1" /><Note>г Москва, пл Комсомольская, вл 6, стр 1</Note></Address></Location><Category Category="003002000000" /><Utilization ByDoc="эксплуатации существующего здания торгового дома" /><Ground_Payments><Ground_Payment Kind="016010000000" Value="1073549" Unit="384" Date="2008-01-17" /></Ground_Payments><Encumbrances><Encumbrance><Type>022006000000</Type></Encumbrance></Encumbrances><Entity_Spatial Ent_Sys="1"><Spatial_Element><Spelement_Unit Type_Unit="Точка" Su_Nmb="1"><Ordinate X="12228.99" Y="10187.92" /></Spelement_Unit><Spelement_Unit Type_Unit="Точка" Su_Nmb="2"><Ordinate X="12122.84" Y="10274.04" /></Spelement_Unit><Spelement_Unit Type_Unit="Точка" Su_Nmb="3"><Ordinate X="12100.04" Y="10244.57" /></Spelement_Unit><Spelement_Unit Type_Unit="Точка" Su_Nmb="4"><Ordinate X="12099.23" Y="10234.07" /></Spelement_Unit><Spelement_Unit Type_Unit="Точка" Su_Nmb="5"><Ordinate X="12092.36" Y="10216.14" /></Spelement_Unit><Spelement_Unit Type_Unit="Точка" Su_Nmb="6"><Ordinate X="12093.55" Y="10211.73" /></Spelement_Unit><Spelement_Unit Type_Unit="Точка" Su_Nmb="7"><Ordinate X="12079.14" Y="10192.53" /></Spelement_Unit><Spelement_Unit Type_Unit="Точка" Su_Nmb="8"><Ordinate X="12056.43" Y="10127.91" /></Spelement_Unit><Spelement_Unit Type_Unit="Точка" Su_Nmb="9"><Ordinate X="12046.15" Y="10101.31" /></Spelement_Unit><Spelement_Unit Type_Unit="Точка" Su_Nmb="10"><Ordinate X="12047.99" Y="10099.66" /></Spelement_Unit><Spelement_Unit Type_Unit="Точка" Su_Nmb="11"><Ordinate X="12108.01" Y="10076.78" /></Spelement_Unit><Spelement_Unit Type_Unit="Точка" Su_Nmb="12"><Ordinate X="12129.13" Y="10064.94" /></Spelement_Unit><Spelement_Unit Type_Unit="Точка" Su_Nmb="13"><Ordinate X="12147.04" Y="10087.87" /></Spelement_Unit></Spatial_Element></Entity_Spatial></Parcel><Parcel CadastralNumber=":3" Name="01" State="01" DateCreated="2007-01-01"><Areas><Area><AreaCode>008</AreaCode><Area>3000</Area><Unit>055</Unit></Area></Areas><Location><inBounds>1</inBounds><Address><Code_OKATO>45286565000</Code_OKATO><Code_KLADR>77000000000064400</Code_KLADR><Region>77</Region><Street Name="Краснопрудная" Type="ул" /><Level1 Type="д" Value="22-24" /><Note>г Москва, ул Краснопрудная, вл 22-24</Note></Address></Location><Category Category="003002000000" /><Utilization ByDoc="эксплуатации магазина; эксплуатации части существующего здания под магазин промышленных товаров" /><Ground_Payments><Ground_Payment Kind="016010000000" Value="179739.12" Unit="384" Date="2008-01-17" /></Ground_Payments><Encumbrances><Encumbrance><Name>Аренда</Name><Type>022006000000</Type></Encumbrance></Encumbrances><Entity_Spatial Ent_Sys="1"><Spatial_Element><Spelement_Unit Type_Unit="Точка" Su_Nmb="1"><Ordinate X="12506.08" Y="10537.70" /></Spelement_Unit><Spelement_Unit Type_Unit="Точка" Su_Nmb="2"><Ordinate X="12488.15" Y="10553" /></Spelement_Unit><Spelement_Unit Type_Unit="Точка" Su_Nmb="3"><Ordinate X="12485.86" Y="10554.95" /></Spelement_Unit><Spelement_Unit Type_Unit="Точка" Su_Nmb="4"><Ordinate X="12475.38" Y="10563.89" /></Spelement_Unit><Spelement_Unit Type_Unit="Точка" Su_Nmb="5"><Ordinate X="12463.59" Y="10550.31" /></Spelement_Unit><Spelement_Unit Type_Unit="Точка" Su_Nmb="6"><Ordinate X="12473.88" Y="10540.73" /></Spelement_Unit><Spelement_Unit Type_Unit="Точка" Su_Nmb="7"><Ordinate X="12475.07" Y="10541.92" /></Spelement_Unit><Spelement_Unit Type_Unit="Точка" Su_Nmb="8"><Ordinate X="12482.63" Y="10535.60" /></Spelement_Unit><Spelement_Unit Type_Unit="Точка" Su_Nmb="9"><Ordinate X="12475.04" Y="10527.13" /></Spelement_Unit><Spelement_Unit Type_Unit="Точка" Su_Nmb="10"><Ordinate X="12466.49" Y="10516.32" /></Spelement_Unit><Spelement_Unit Type_Unit="Точка" Su_Nmb="11"><Ordinate X="12387.61" Y="10415.51" /></Spelement_Unit><Spelement_Unit Type_Unit="Точка" Su_Nmb="12"><Ordinate X="12396.41" Y="10408.22" /></Spelement_Unit><Spelement_Unit Type_Unit="Точка" Su_Nmb="13"><Ordinate X="12401.44" Y="10404.44" /></Spelement_Unit><Spelement_Unit Type_Unit="Точка" Su_Nmb="14"><Ordinate X="12444.87" Y="10460.22" /></Spelement_Unit><Spelement_Unit Type_Unit="Точка" Su_Nmb="15"><Ordinate X="12459.94" Y="10479.38" /></Spelement_Unit><Spelement_Unit Type_Unit="Точка" Su_Nmb="16"><Ordinate X="12456.29" Y="10482.35" /></Spelement_Unit><Spelement_Unit Type_Unit="Точка" Su_Nmb="17"><Ordinate X="12461.82" Y="10488.79" /></Spelement_Unit><Spelement_Unit Type_Unit="Точка" Su_Nmb="18"><Ordinate X="12464.32" Y="10492" /></Spelement_Unit><Spelement_Unit Type_Unit="Точка" Su_Nmb="19"><Ordinate X="12467.83" Y="10489.27" /></Spelement_Unit></Spatial_Element></Entity_Spatial></Parcel><Parcel CadastralNumber=":4" Name="01" State="01" DateCreated="2007-01-01"><Areas><Area><AreaCode>008</AreaCode><Area>1580</Area><Unit>055</Unit></Area></Areas><Location><inBounds>1</inBounds><Address><Code_OKATO>45286565000</Code_OKATO><Code_KLADR>77000000000064400</Code_KLADR><Region>77</Region><Street Name="Краснопрудная" Type="ул" /><Level1 Type="д" Value="16" /><Level3 Type="строен" Value="1" /><Note>г Москва, ул Краснопрудная, вл 16, стр 1</Note></Address></Location><Category Category="003002000000" /><Utilization ByDoc="ЭКСПЛУАТАЦИИ ЭЛЕКТРОТЯГОВОЙ ПОДСТАНЦИИ" /><Ground_Payments><Ground_Payment Kind="016010000000" Value="14684.6622" Unit="384" Date="2008-01-17" /></Ground_Payments><Encumbrances><Encumbrance><Type>022006000000</Type></Encumbrance></Encumbrances><Entity_Spatial Ent_Sys="1"><Spatial_Element><Spelement_Unit Type_Unit="Точка" Su_Nmb="1"><Ordinate X="12315.12" Y="10293.31" /></Spelement_Unit><Spelement_Unit Type_Unit="Точка" Su_Nmb="2"><Ordinate X="12279.86" Y="10312.96" /></Spelement_Unit><Spelement_Unit Type_Unit="Точка" Su_Nmb="3"><Ordinate X="12277.45" Y="10309.18" /></Spelement_Unit><Spelement_Unit Type_Unit="Точка" Su_Nmb="4"><Ordinate X="12275.41" Y="10307.06" /></Spelement_Unit><Spelement_Unit Type_Unit="Точка" Su_Nmb="5"><Ordinate X="12274.60" Y="10307.49" /></Spelement_Unit><Spelement_Unit Type_Unit="Точка" Su_Nmb="6"><Ordinate X="12258.27" Y="10286.43" /></Spelement_Unit><Spelement_Unit Type_Unit="Точка" Su_Nmb="7"><Ordinate X="12289.72" Y="10262.14" /></Spelement_Unit></Spatial_Element></Entity_Spatial></Parcel><Parcel CadastralNumber=":5" Name="01" State="01" DateCreated="2007-01-01"><Areas><Area><AreaCode>008</AreaCode><Area>17301</Area><Unit>055</Unit></Area></Areas><Location><inBounds>1</inBounds><Address><Code_OKATO>45286565000</Code_OKATO><Code_KLADR>77000000000064500</Code_KLADR><Region>77</Region><Street Name="Краснопрудный" Type="пер" /><Level1 Type="д" Value="7" /><Level3 Type="строен" Value="1,2,3" /><Note>г Москва, пер Краснопрудный, вл 7, стр 1, 2, 3</Note></Address></Location><Category Category="003002000000" /><Utilization ByDoc="использования территории и эксплуатации зданий для организации и осуществления обработки и перевозки почты" /><Rights><Right><Name>Собственность</Name><Type>001001000000</Type></Right><Right><Name>Постоянное (бессрочное) пользование</Name><Type>001007000000</Type></Right></Rights><Ground_Payments><Ground_Payment Kind="016010000000" Value="907268.41923" Unit="384" Date="2008-01-17" /></Ground_Payments><Encumbrances><Encumbrance><Name>Прочие ограничения (обременения)</Name><Type>022099000000</Type></Encumbrance></Encumbrances><Entity_Spatial Ent_Sys="1"><Spatial_Element><Spelement_Unit Type_Unit="Точка" Su_Nmb="1"><Ordinate X="12258.15" Y="10375.14" /></Spelement_Unit><Spelement_Unit Type_Unit="Точка" Su_Nmb="2"><Ordinate X="12251.62" Y="10376.82" /></Spelement_Unit><Spelement_Unit Type_Unit="Точка" Su_Nmb="3"><Ordinate X="12247.85" Y="10396.03" /></Spelement_Unit><Spelement_Unit Type_Unit="Точка" Su_Nmb="4"><Ordinate X="12250.68" Y="10400.30" /></Spelement_Unit><Spelement_Unit Type_Unit="Точка" Su_Nmb="5"><Ordinate X="12243.32" Y="10405" /></Spelement_Unit><Spelement_Unit Type_Unit="Точка" Su_Nmb="6"><Ordinate X="12223.80" Y="10417.46" /></Spelement_Unit><Spelement_Unit Type_Unit="Точка" Su_Nmb="7"><Ordinate X="12225.29" Y="10420.21" /></Spelement_Unit><Spelement_Unit Type_Unit="Точка" Su_Nmb="8"><Ordinate X="12212.31" Y="10427.47" /></Spelement_Unit><Spelement_Unit Type_Unit="Точка" Su_Nmb="9"><Ordinate X="12205.39" Y="10420.40" /></Spelement_Unit><Spelement_Unit Type_Unit="Точка" Su_Nmb="10"><Ordinate X="12204.81" Y="10420.76" /></Spelement_Unit><Spelement_Unit Type_Unit="Точка" Su_Nmb="11"><Ordinate X="12200.79" Y="10423.21" /></Spelement_Unit><Spelement_Unit Type_Unit="Точка" Su_Nmb="12"><Ordinate X="12190.77" Y="10406.92" /></Spelement_Unit><Spelement_Unit Type_Unit="Точка" Su_Nmb="13"><Ordinate X="12183.06" Y="10411.83" /></Spelement_Unit><Spelement_Unit Type_Unit="Точка" Su_Nmb="14"><Ordinate X="12217.51" Y="10466.36" /></Spelement_Unit><Spelement_Unit Type_Unit="Точка" Su_Nmb="15"><Ordinate X="12226.26" Y="10479.20" /></Spelement_Unit><Spelement_Unit Type_Unit="Точка" Su_Nmb="16"><Ordinate X="12222.37" Y="10481.50" /></Spelement_Unit><Spelement_Unit Type_Unit="Точка" Su_Nmb="17"><Ordinate X="12203.98" Y="10458.49" /></Spelement_Unit><Spelement_Unit Type_Unit="Точка" Su_Nmb="18"><Ordinate X="12194.93" Y="10444.93" /></Spelement_Unit><Spelement_Unit Type_Unit="Точка" Su_Nmb="19"><Ordinate X="12176.68" Y="10415.90" /></Spelement_Unit><Spelement_Unit Type_Unit="Точка" Su_Nmb="20"><Ordinate X="12168.72" Y="10420.97" /></Spelement_Unit><Spelement_Unit Type_Unit="Точка" Su_Nmb="21"><Ordinate X="12184.23" Y="10445.22" /></Spelement_Unit><Spelement_Unit Type_Unit="Точка" Su_Nmb="22"><Ordinate X="12178.18" Y="10449.19" /></Spelement_Unit><Spelement_Unit Type_Unit="Точка" Su_Nmb="23"><Ordinate X="12165.63" Y="10432.25" /></Spelement_Unit><Spelement_Unit Type_Unit="Точка" Su_Nmb="24"><Ordinate X="12161.30" Y="10425.70" /></Spelement_Unit><Spelement_Unit Type_Unit="Точка" Su_Nmb="25"><Ordinate X="12124.98" Y="10367.85" /></Spelement_Unit><Spelement_Unit Type_Unit="Точка" Su_Nmb="26"><Ordinate X="12121.21" Y="10370.23" /></Spelement_Unit><Spelement_Unit Type_Unit="Точка" Su_Nmb="27"><Ordinate X="12114.07" Y="10358.87" /></Spelement_Unit><Spelement_Unit Type_Unit="Точка" Su_Nmb="28"><Ordinate X="12105.79" Y="10344.78" /></Spelement_Unit><Spelement_Unit Type_Unit="Точка" Su_Nmb="29"><Ordinate X="12106.63" Y="10344.20" /></Spelement_Unit><Spelement_Unit Type_Unit="Точка" Su_Nmb="30"><Ordinate X="12103.49" Y="10339.23" /></Spelement_Unit><Spelement_Unit Type_Unit="Точка" Su_Nmb="31"><Ordinate X="12096.76" Y="10322.88" /></Spelement_Unit><Spelement_Unit Type_Unit="Точка" Su_Nmb="32"><Ordinate X="12094.01" Y="10316.20" /></Spelement_Unit><Spelement_Unit Type_Unit="Точка" Su_Nmb="33"><Ordinate X="12086.96" Y="10288.40" /></Spelement_Unit><Spelement_Unit Type_Unit="Точка" Su_Nmb="34"><Ordinate X="12085.90" Y="10284.20" /></Spelement_Unit><Spelement_Unit Type_Unit="Точка" Su_Nmb="35"><Ordinate X="12084.05" Y="10278.75" /></Spelement_Unit><Spelement_Unit Type_Unit="Точка" Su_Nmb="36"><Ordinate X="12093.68" Y="10275.56" /></Spelement_Unit><Spelement_Unit Type_Unit="Точка" Su_Nmb="37"><Ordinate X="12087.87" Y="10257.85" /></Spelement_Unit><Spelement_Unit Type_Unit="Точка" Su_Nmb="38"><Ordinate X="12094.52" Y="10255.67" /></Spelement_Unit><Spelement_Unit Type_Unit="Точка" Su_Nmb="39"><Ordinate X="12117.27" Y="10287.78" /></Spelement_Unit><Spelement_Unit Type_Unit="Точка" Su_Nmb="40"><Ordinate X="12165.19" Y="10248.87" /></Spelement_Unit><Spelement_Unit Type_Unit="Точка" Su_Nmb="41"><Ordinate X="12171.72" Y="10256.36" /></Spelement_Unit><Spelement_Unit Type_Unit="Точка" Su_Nmb="42"><Ordinate X="12164.68" Y="10262.18" /></Spelement_Unit><Spelement_Unit Type_Unit="Точка" Su_Nmb="43"><Ordinate X="12197.41" Y="10303.45" /></Spelement_Unit><Spelement_Unit Type_Unit="Точка" Su_Nmb="44"><Ordinate X="12198.71" Y="10302.39" /></Spelement_Unit><Spelement_Unit Type_Unit="Точка" Su_Nmb="45"><Ordinate X="12203.50" Y="10309.28" /></Spelement_Unit><Spelement_Unit Type_Unit="Точка" Su_Nmb="46"><Ordinate X="12204.77" Y="10311.10" /></Spelement_Unit><Spelement_Unit Type_Unit="Точка" Su_Nmb="47"><Ordinate X="12208.29" Y="10318.29" /></Spelement_Unit><Spelement_Unit Type_Unit="Точка" Su_Nmb="48"><Ordinate X="12226.85" Y="10340.82" /></Spelement_Unit><Spelement_Unit Type_Unit="Точка" Su_Nmb="49"><Ordinate X="12232.66" Y="10344.48" /></Spelement_Unit><Spelement_Unit Type_Unit="Точка" Su_Nmb="50"><Ordinate X="12254.39" Y="10371.92" /></Spelement_Unit></Spatial_Element></Entity_Spatial></Parcel><Parcel CadastralNumber=":6" Name="01" State="01" DateCreated="2007-04-11"><Areas><Area><AreaCode>008</AreaCode><Area>2233</Area><Unit>055</Unit></Area></Areas><Location><inBounds>1</inBounds><Address><Code_OKATO>45000000000</Code_OKATO><Code_KLADR>7700000000000</Code_KLADR><Region>77</Region><Street Name="Краснопрудный" Type="пер" /><Level1 Type="д" Value="7" /><Level3 Type="строен" Value="1,2,3" /><Note>г Москва, пер Краснопрудный, вл 7, стр 1, 2, 3</Note></Address></Location><Category Category="003002000000" /><Utilization ByDoc="благоустройства территории и эксплуатации служебных строений" /><Ground_Payments><Ground_Payment Kind="016010000000" Value="98287.16975" Unit="384" Date="2008-04-08" /></Ground_Payments><Encumbrances><Encumbrance><Name>Прочие ограничения (обременения)</Name><Type>022099000000</Type></Encumbrance><Encumbrance><Name>Прочие ограничения (обременения)</Name><Type>022099000000</Type></Encumbrance></Encumbrances><Entity_Spatial Ent_Sys="1"><Spatial_Element><Spelement_Unit Type_Unit="Точка" Su_Nmb="1"><Ordinate X="12244.86" Y="10284.78" /></Spelement_Unit><Spelement_Unit Type_Unit="Точка" Su_Nmb="2"><Ordinate X="12228.14" Y="10297.16" /></Spelement_Unit><Spelement_Unit Type_Unit="Точка" Su_Nmb="3"><Ordinate X="12214.56" Y="10307.20" /></Spelement_Unit><Spelement_Unit Type_Unit="Точка" Su_Nmb="4"><Ordinate X="12212.75" Y="10304.57" /></Spelement_Unit><Spelement_Unit Type_Unit="Точка" Su_Nmb="5"><Ordinate X="12204.77" Y="10311.10" /></Spelement_Unit><Spelement_Unit Type_Unit="Точка" Su_Nmb="6"><Ordinate X="12203.50" Y="10309.28" /></Spelement_Unit><Spelement_Unit Type_Unit="Точка" Su_Nmb="7"><Ordinate X="12198.71" Y="10302.39" /></Spelement_Unit><Spelement_Unit Type_Unit="Точка" Su_Nmb="8"><Ordinate X="12197.41" Y="10303.45" /></Spelement_Unit><Spelement_Unit Type_Unit="Точка" Su_Nmb="9"><Ordinate X="12164.68" Y="10262.18" /></Spelement_Unit><Spelement_Unit Type_Unit="Точка" Su_Nmb="10"><Ordinate X="12171.72" Y="10256.36" /></Spelement_Unit><Spelement_Unit Type_Unit="Точка" Su_Nmb="11"><Ordinate X="12184.77" Y="10245.58" /></Spelement_Unit><Spelement_Unit Type_Unit="Точка" Su_Nmb="12"><Ordinate X="12195.14" Y="10257.65" /></Spelement_Unit><Spelement_Unit Type_Unit="Точка" Su_Nmb="13"><Ordinate X="12209.68" Y="10261.12" /></Spelement_Unit><Spelement_Unit Type_Unit="Точка" Su_Nmb="14"><Ordinate X="12216.10" Y="10269.24" /></Spelement_Unit><Spelement_Unit Type_Unit="Точка" Su_Nmb="15"><Ordinate X="12225.23" Y="10279.90" /></Spelement_Unit><Spelement_Unit Type_Unit="Точка" Su_Nmb="16"><Ordinate X="12224.63" Y="10285.85" /></Spelement_Unit><Spelement_Unit Type_Unit="Точка" Su_Nmb="17"><Ordinate X="12229.73" Y="10284.91" /></Spelement_Unit><Spelement_Unit Type_Unit="Точка" Su_Nmb="18"><Ordinate X="12234.13" Y="10284.55" /></Spelement_Unit><Spelement_Unit Type_Unit="Точка" Su_Nmb="19"><Ordinate X="12240.85" Y="10279.48" /></Spelement_Unit></Spatial_Element></Entity_Spatial></Parcel><Parcel CadastralNumber=":7" Name="01" State="01" DateCreated="2007-01-01"><Areas><Area><AreaCode>008</AreaCode><Area>18</Area><Unit>055</Unit></Area></Areas><Location><Address><Code_OKATO>45286565000</Code_OKATO><Code_KLADR>77000000000064400</Code_KLADR><Region>77</Region><Street Name="Краснопрудная" Type="ул" /><Level1 Type="д" Value="22/24" /><Note>г Москва, ул Краснопрудная, вл 22/24</Note></Address></Location><Category Category="003002000000" /><Utilization ByDoc="размещения индивидуального гаража" /><Ground_Payments><Ground_Payment Kind="016010000000" Value="470.78855" Unit="384" Date="2008-01-17" /></Ground_Payments><Entity_Spatial Ent_Sys="1"><Spatial_Element><Spelement_Unit Type_Unit="Точка" Su_Nmb="1"><Ordinate X="12381.18" Y="10430.41" /></Spelement_Unit><Spelement_Unit Type_Unit="Точка" Su_Nmb="2"><Ordinate X="12378.39" Y="10432.31" /></Spelement_Unit><Spelement_Unit Type_Unit="Точка" Su_Nmb="3"><Ordinate X="12376.20" Y="10428.57" /></Spelement_Unit><Spelement_Unit Type_Unit="Точка" Su_Nmb="4"><Ordinate X="12378.63" Y="10426.98" /></Spelement_Unit></Spatial_Element></Entity_Spatial></Parcel><Parcel CadastralNumber=":8" Name="01" State="01" DateCreated="2007-01-01"><Areas><Area><AreaCode>008</AreaCode><Area>6445</Area><Unit>055</Unit></Area></Areas><Location><inBounds>1</inBounds><Address><Code_OKATO>45286565000</Code_OKATO><Code_KLADR>77000000000065000</Code_KLADR><Region>77</Region><Street Name="Нижняя Красносельская" Type="ул" /><Level1 Type="д" Value="6" /><Level3 Type="строен" Value="1, 2" /><Note>г Москва, ул Нижняя Красносельская, вл 6, стр 1, 2</Note></Address></Location><Category Category="003002000000" /><Utilization ByDoc="эксплуатации  трансформаторной подстанции электросети" /><Ground_Payments><Ground_Payment Kind="016010000000" Value="5985.27803" Unit="384" Date="2008-01-17" /></Ground_Payments><Encumbrances><Encumbrance><Name>Аренда</Name><Type>022006000000</Type></Encumbrance></Encumbrances><Entity_Spatial Ent_Sys="1"><Spatial_Element><Spelement_Unit Type_Unit="Точка" Su_Nmb="1"><Ordinate X="12442.85" Y="10597.95" /></Spelement_Unit><Spelement_Unit Type_Unit="Точка" Su_Nmb="2"><Ordinate X="12415.73" Y="10621.57" /></Spelement_Unit><Spelement_Unit Type_Unit="Точка" Su_Nmb="3"><Ordinate X="12410.11" Y="10618.13" /></Spelement_Unit><Spelement_Unit Type_Unit="Точка" Su_Nmb="4"><Ordinate X="12382.57" Y="10589.99" /></Spelement_Unit><Spelement_Unit Type_Unit="Точка" Su_Nmb="5"><Ordinate X="12325.36" Y="10524.06" /></Spelement_Unit><Spelement_Unit Type_Unit="Точка" Su_Nmb="6"><Ordinate X="12354.10" Y="10500.79" /></Spelement_Unit><Spelement_Unit Type_Unit="Точка" Su_Nmb="7"><Ordinate X="12354.18" Y="10492.71" /></Spelement_Unit><Spelement_Unit Type_Unit="Точка" Su_Nmb="8"><Ordinate X="12363.01" Y="10486.19" /></Spelement_Unit><Spelement_Unit Type_Unit="Точка" Su_Nmb="9"><Ordinate X="12368.66" Y="10481.98" /></Spelement_Unit><Spelement_Unit Type_Unit="Точка" Su_Nmb="10"><Ordinate X="12375.42" Y="10491.72" /></Spelement_Unit><Spelement_Unit Type_Unit="Точка" Su_Nmb="11"><Ordinate X="12375.10" Y="10493.10" /></Spelement_Unit><Spelement_Unit Type_Unit="Точка" Su_Nmb="12"><Ordinate X="12398.03" Y="10525.10" /></Spelement_Unit><Spelement_Unit Type_Unit="Точка" Su_Nmb="13"><Ordinate X="12397.79" Y="10525.27" /></Spelement_Unit><Spelement_Unit Type_Unit="Точка" Su_Nmb="14"><Ordinate X="12399.42" Y="10528.47" /></Spelement_Unit><Spelement_Unit Type_Unit="Точка" Su_Nmb="15"><Ordinate X="12411.67" Y="10546.03" /></Spelement_Unit><Spelement_Unit Type_Unit="Точка" Su_Nmb="16"><Ordinate X="12404" Y="10552.43" /></Spelement_Unit></Spatial_Element></Entity_Spatial></Parcel><Parcel CadastralNumber=":9" Name="01" State="01" DateCreated="2007-01-01"><Areas><Area><AreaCode>008</AreaCode><Area>6</Area><Unit>055</Unit></Area></Areas><Location><Address><Code_OKATO>45286565000</Code_OKATO><Code_KLADR>77000000000064400</Code_KLADR><Region>77</Region><Street Name="Краснопрудная" Type="ул" /><Level1 Type="д" Value="20" /><Note>г Москва, ул Краснопрудная, вл 20</Note></Address></Location><Category Category="003002000000" /><Utilization ByDoc="эксплуатации временного торгового киоска из легких конструкций" /><Ground_Payments><Ground_Payment Kind="016010000000" Value="336.0393" Unit="384" Date="2008-01-17" /></Ground_Payments><Entity_Spatial Ent_Sys="1"><Spatial_Element><Spelement_Unit Type_Unit="Точка" Su_Nmb="1"><Ordinate X="12357.34" Y="10344.24" /></Spelement_Unit><Spelement_Unit Type_Unit="Точка" Su_Nmb="2"><Ordinate X="12355.74" Y="10345.44" /></Spelement_Unit><Spelement_Unit Type_Unit="Точка" Su_Nmb="3"><Ordinate X="12353.94" Y="10343.04" /></Spelement_Unit><Spelement_Unit Type_Unit="Точка" Su_Nmb="4"><Ordinate X="12355.54" Y="10341.84" /></Spelement_Unit></Spatial_Element></Entity_Spatial></Parcel><Parcel CadastralNumber=":10" Name="01" State="01" DateCreated="2007-01-01"><Areas><Area><AreaCode>008</AreaCode><Area>2934</Area><Unit>055</Unit></Area></Areas><Location><inBounds>1</inBounds><Address><Code_OKATO>45286565000</Code_OKATO><Code_KLADR>77000000000064400</Code_KLADR><Region>77</Region><Street Name="Краснопрудная улица" Type="неопр" /><Level1 Type="д" Value="12" /><Level3 Type="строен" Value="1" /><Note>г Москва, ул Краснопрудная, вл 12, стр 1</Note></Address></Location><Category Category="003002000000" /><Utilization ByDoc="реконструкции здания с дополнительным строительством пристройки и последующей его эксплуатации под торговые цели" /><Ground_Payments><Ground_Payment Kind="016010000000" Value="159619.75163" Unit="384" Date="2008-01-17" /></Ground_Payments><Encumbrances><Encumbrance><Name>Аренда</Name><Type>022006000000</Type></Encumbrance></Encumbrances><Entity_Spatial Ent_Sys="1"><Spatial_Element><Spelement_Unit Type_Unit="Точка" Su_Nmb="1"><Ordinate X="12283.44" Y="10254.45" /></Spelement_Unit><Spelement_Unit Type_Unit="Точка" Su_Nmb="2"><Ordinate X="12269.90" Y="10265.10" /></Spelement_Unit><Spelement_Unit Type_Unit="Точка" Su_Nmb="3"><Ordinate X="12266.18" Y="10260.38" /></Spelement_Unit><Spelement_Unit Type_Unit="Точка" Su_Nmb="4"><Ordinate X="12259.35" Y="10265.74" /></Spelement_Unit><Spelement_Unit Type_Unit="Точка" Su_Nmb="5"><Ordinate X="12243.86" Y="10277.21" /></Spelement_Unit><Spelement_Unit Type_Unit="Точка" Su_Nmb="6"><Ordinate X="12240.85" Y="10279.48" /></Spelement_Unit><Spelement_Unit Type_Unit="Точка" Su_Nmb="7"><Ordinate X="12234.13" Y="10284.55" /></Spelement_Unit><Spelement_Unit Type_Unit="Точка" Su_Nmb="8"><Ordinate X="12229.73" Y="10284.91" /></Spelement_Unit><Spelement_Unit Type_Unit="Точка" Su_Nmb="9"><Ordinate X="12224.63" Y="10285.85" /></Spelement_Unit><Spelement_Unit Type_Unit="Точка" Su_Nmb="10"><Ordinate X="12225.23" Y="10279.90" /></Spelement_Unit><Spelement_Unit Type_Unit="Точка" Su_Nmb="11"><Ordinate X="12216.10" Y="10269.24" /></Spelement_Unit><Spelement_Unit Type_Unit="Точка" Su_Nmb="12"><Ordinate X="12223.32" Y="10263.71" /></Spelement_Unit><Spelement_Unit Type_Unit="Точка" Su_Nmb="13"><Ordinate X="12222.32" Y="10262.54" /></Spelement_Unit><Spelement_Unit Type_Unit="Точка" Su_Nmb="14"><Ordinate X="12232.71" Y="10253.95" /></Spelement_Unit><Spelement_Unit Type_Unit="Точка" Su_Nmb="15"><Ordinate X="12224.97" Y="10242.12" /></Spelement_Unit><Spelement_Unit Type_Unit="Точка" Su_Nmb="16"><Ordinate X="12224.39" Y="10233.96" /></Spelement_Unit><Spelement_Unit Type_Unit="Точка" Su_Nmb="17"><Ordinate X="12222.64" Y="10227.08" /></Spelement_Unit><Spelement_Unit Type_Unit="Точка" Su_Nmb="18"><Ordinate X="12216.87" Y="10218.57" /></Spelement_Unit><Spelement_Unit Type_Unit="Точка" Su_Nmb="19"><Ordinate X="12236.54" Y="10202.33" /></Spelement_Unit><Spelement_Unit Type_Unit="Точка" Su_Nmb="20"><Ordinate X="12239.58" Y="10202.84" /></Spelement_Unit><Spelement_Unit Type_Unit="Точка" Su_Nmb="21"><Ordinate X="12244.37" Y="10206.66" /></Spelement_Unit></Spatial_Element></Entity_Spatial></Parcel><Parcel CadastralNumber=":13" Name="01" State="01" DateCreated="2007-01-01"><Areas><Area><AreaCode>008</AreaCode><Area>1000</Area><Unit>055</Unit></Area></Areas><Location><inBounds>1</inBounds><Address><Code_OKATO>45286565000</Code_OKATO><Code_KLADR>77000000000064400</Code_KLADR><Region>77</Region><Street Name="Краснопрудная" Type="ул" /><Level1 Type="д" Value="24/2" /><Level3 Type="строен" Value="1" /><Note>г Москва, ул Краснопрудная, вл 24/2, стр 1</Note></Address></Location><Category Category="003002000000" /><Utilization ByDoc="эксплуатации части здания под магазин непродовольственными товарами и благоустройства территории; эксплуатации части здания под административные цели; эксплуатации части здания под творческую мастерскую; эксплуатации части здания под размещение центра социальной поддержки населения" /><Ground_Payments><Ground_Payment Kind="016010000000" Value="59853.72" Unit="384" Date="2008-01-17" /></Ground_Payments><Encumbrances><Encumbrance><Name>Аренда</Name><Type>022006000000</Type></Encumbrance><Encumbrance><Name>Аренда</Name><Type>022006000000</Type></Encumbrance><Encumbrance><Name>Аренда</Name><Type>022006000000</Type></Encumbrance><Encumbrance><Name>Аренда</Name><Type>022006000000</Type></Encumbrance></Encumbrances><Entity_Spatial Ent_Sys="1"><Spatial_Element><Spelement_Unit Type_Unit="Точка" Su_Nmb="1"><Ordinate X="12477.21" Y="10526.95" /></Spelement_Unit><Spelement_Unit Type_Unit="Точка" Su_Nmb="2"><Ordinate X="12474.64" Y="10529.41" /></Spelement_Unit><Spelement_Unit Type_Unit="Точка" Su_Nmb="3"><Ordinate X="12475.86" Y="10530.92" /></Spelement_Unit><Spelement_Unit Type_Unit="Точка" Su_Nmb="4"><Ordinate X="12457.18" Y="10548.20" /></Spelement_Unit><Spelement_Unit Type_Unit="Точка" Su_Nmb="5"><Ordinate X="12454.36" Y="10545.12" /></Spelement_Unit><Spelement_Unit Type_Unit="Точка" Su_Nmb="6"><Ordinate X="12451.88" Y="10547.23" /></Spelement_Unit><Spelement_Unit Type_Unit="Точка" Su_Nmb="7"><Ordinate X="12435.45" Y="10561.49" /></Spelement_Unit><Spelement_Unit Type_Unit="Точка" Su_Nmb="8"><Ordinate X="12433.43" Y="10559.28" /></Spelement_Unit><Spelement_Unit Type_Unit="Точка" Su_Nmb="9"><Ordinate X="12425.01" Y="10549.59" /></Spelement_Unit><Spelement_Unit Type_Unit="Точка" Su_Nmb="10"><Ordinate X="12443.65" Y="10534.39" /></Spelement_Unit><Spelement_Unit Type_Unit="Точка" Su_Nmb="11"><Ordinate X="12440.22" Y="10530.50" /></Spelement_Unit><Spelement_Unit Type_Unit="Точка" Su_Nmb="12"><Ordinate X="12453.05" Y="10520.08" /></Spelement_Unit><Spelement_Unit Type_Unit="Точка" Su_Nmb="13"><Ordinate X="12455.66" Y="10523.58" /></Spelement_Unit><Spelement_Unit Type_Unit="Точка" Su_Nmb="14"><Ordinate X="12464.57" Y="10516.81" /></Spelement_Unit><Spelement_Unit Type_Unit="Точка" Su_Nmb="15"><Ordinate X="12469.56" Y="10523.18" /></Spelement_Unit><Spelement_Unit Type_Unit="Точка" Su_Nmb="16"><Ordinate X="12472.42" Y="10520.99" /></Spelement_Unit></Spatial_Element></Entity_Spatial></Parcel><Parcel CadastralNumber=":14" Name="01" State="01" DateCreated="2007-01-01"><Areas><Area><AreaCode>008</AreaCode><Area>1065</Area><Unit>055</Unit></Area><Area><AreaCode>009</AreaCode><Area>127</Area><Unit>055</Unit><Innccuracy>2</Innccuracy></Area></Areas><Location><Address><Code_OKATO>45286565000</Code_OKATO><Code_KLADR>77000000000064400</Code_KLADR><Region>77</Region><Street Name="Краснопрудная" Type="ул" /><Note>г. Москва, ул. Краснопрудная, вл. 22-24, стр. 3</Note></Address></Location><Category Category="003002000000" /><Utilization Kind="143001000000" ByDoc="земельные участки, предназначенные для размещения электростанций, обслуживающих их сооружений и объектов (1.2.10)" /><Ground_Payments><Ground_Payment Kind="016010000000" Value="2589.09058" Unit="384" Date="2011-09-16" /></Ground_Payments><Encumbrances><Encumbrance><Name>Аренда</Name><Type>022006000000</Type></Encumbrance></Encumbrances><Entity_Spatial Ent_Sys="1"><Spatial_Element><Spelement_Unit Type_Unit="Точка" Su_Nmb="1"><Ordinate X="12398.06" Y="10466.16" /></Spelement_Unit><Spelement_Unit Type_Unit="Точка" Su_Nmb="2"><Ordinate X="12405.91" Y="10476.36" /></Spelement_Unit><Spelement_Unit Type_Unit="Точка" Su_Nmb="3"><Ordinate X="12398.10" Y="10482.38" /></Spelement_Unit><Spelement_Unit Type_Unit="Точка" Su_Nmb="4"><Ordinate X="12390.27" Y="10472.20" /></Spelement_Unit></Spatial_Element></Entity_Spatial></Parcel><Parcel CadastralNumber=":15" Name="01" State="01" DateCreated="2007-01-01"><Areas><Area><AreaCode>008</AreaCode><Area>14.23</Area><Unit>055</Unit></Area></Areas><Location><Address><Code_OKATO>45286565000</Code_OKATO><Code_KLADR>77000000000064400</Code_KLADR><Region>77</Region><Street Name="Краснопрудная" Type="ул" /><Level1 Type="д" Value="22-24" /><Note>г Москва, ул Краснопрудная, вл 22-24</Note></Address></Location><Category Category="003002000000" /><Utilization ByDoc="прокладка коммуникаций" /><Ground_Payments><Ground_Payment Kind="016010000000" Value="13.21497" Unit="384" Date="2008-01-17" /></Ground_Payments><Encumbrances><Encumbrance><Name>Аренда</Name><Type>022006000000</Type></Encumbrance></Encumbrances><Entity_Spatial Ent_Sys="1"><Spatial_Element><Spelement_Unit Type_Unit="Точка" Su_Nmb="1"><Ordinate X="12470.97" Y="10559.43" /></Spelement_Unit><Spelement_Unit Type_Unit="Точка" Su_Nmb="2"><Ordinate X="12468.85" Y="10561.27" /></Spelement_Unit><Spelement_Unit Type_Unit="Точка" Su_Nmb="3"><Ordinate X="12467.86" Y="10560.15" /></Spelement_Unit><Spelement_Unit Type_Unit="Точка" Su_Nmb="4"><Ordinate X="12468.84" Y="10559.30" /></Spelement_Unit><Spelement_Unit Type_Unit="Точка" Su_Nmb="5"><Ordinate X="12464.68" Y="10554.69" /></Spelement_Unit><Spelement_Unit Type_Unit="Точка" Su_Nmb="6"><Ordinate X="12466.26" Y="10553.41" /></Spelement_Unit><Spelement_Unit Type_Unit="Точка" Su_Nmb="7"><Ordinate X="12467.24" Y="10554.55" /></Spelement_Unit><Spelement_Unit Type_Unit="Точка" Su_Nmb="8"><Ordinate X="12466.86" Y="10554.86" /></Spelement_Unit></Spatial_Element></Entity_Spatial></Parcel><Parcel CadastralNumber=":16" Name="01" State="01" DateCreated="2007-01-01"><Areas><Area><AreaCode>008</AreaCode><Area>419.70</Area><Unit>055</Unit></Area></Areas><Location><Address><Code_OKATO>45286565000</Code_OKATO><Code_KLADR>77000000000064400</Code_KLADR><Region>77</Region><Street Name="Краснопрудная" Type="ул" /><Level1 Type="д" Value="22-24" /><Note>г Москва, ул Краснопрудная, вл 22-24</Note></Address></Location><Category Category="003002000000" /><Utilization ByDoc="прокладка коммуникаций" /><Ground_Payments><Ground_Payment Kind="016010000000" Value="389.76279" Unit="384" Date="2008-01-17" /></Ground_Payments><Encumbrances><Encumbrance><Name>Аренда</Name><Type>022006000000</Type></Encumbrance></Encumbrances><Entity_Spatial Ent_Sys="1"><Spatial_Element><Spelement_Unit Type_Unit="Точка" Su_Nmb="1"><Ordinate X="12412.23" Y="10494.31" /></Spelement_Unit><Spelement_Unit Type_Unit="Точка" Su_Nmb="2"><Ordinate X="12411.49" Y="10494.43" /></Spelement_Unit><Spelement_Unit Type_Unit="Точка" Su_Nmb="3"><Ordinate X="12404.12" Y="10487.54" /></Spelement_Unit><Spelement_Unit Type_Unit="Точка" Su_Nmb="4"><Ordinate X="12402.86" Y="10488.27" /></Spelement_Unit><Spelement_Unit Type_Unit="Точка" Su_Nmb="5"><Ordinate X="12411.03" Y="10495.92" /></Spelement_Unit><Spelement_Unit Type_Unit="Точка" Su_Nmb="6"><Ordinate X="12413.35" Y="10495.54" /></Spelement_Unit><Spelement_Unit Type_Unit="Точка" Su_Nmb="7"><Ordinate X="12428.47" Y="10512.30" /></Spelement_Unit><Spelement_Unit Type_Unit="Точка" Su_Nmb="8"><Ordinate X="12426.69" Y="10513.93" /></Spelement_Unit><Spelement_Unit Type_Unit="Точка" Su_Nmb="9"><Ordinate X="12427.99" Y="10515.45" /></Spelement_Unit><Spelement_Unit Type_Unit="Точка" Su_Nmb="10"><Ordinate X="12431.29" Y="10512.44" /></Spelement_Unit><Spelement_Unit Type_Unit="Точка" Su_Nmb="11"><Ordinate X="12415.69" Y="10495.16" /></Spelement_Unit><Spelement_Unit Type_Unit="Точка" Su_Nmb="12"><Ordinate X="12420.60" Y="10494.35" /></Spelement_Unit><Spelement_Unit Type_Unit="Точка" Su_Nmb="13"><Ordinate X="12431.12" Y="10508.10" /></Spelement_Unit><Spelement_Unit Type_Unit="Точка" Su_Nmb="14"><Ordinate X="12432.30" Y="10507.17" /></Spelement_Unit><Spelement_Unit Type_Unit="Точка" Su_Nmb="15"><Ordinate X="12422.28" Y="10494.08" /></Spelement_Unit><Spelement_Unit Type_Unit="Точка" Su_Nmb="16"><Ordinate X="12424.65" Y="10493.69" /></Spelement_Unit><Spelement_Unit Type_Unit="Точка" Su_Nmb="17"><Ordinate X="12442.20" Y="10516.73" /></Spelement_Unit><Spelement_Unit Type_Unit="Точка" Su_Nmb="18"><Ordinate X="12438.80" Y="10519.28" /></Spelement_Unit><Spelement_Unit Type_Unit="Точка" Su_Nmb="19"><Ordinate X="12437.49" Y="10520.28" /></Spelement_Unit><Spelement_Unit Type_Unit="Точка" Su_Nmb="20"><Ordinate X="12425.45" Y="10534" /></Spelement_Unit><Spelement_Unit Type_Unit="Точка" Su_Nmb="21"><Ordinate X="12427.24" Y="10542.04" /></Spelement_Unit><Spelement_Unit Type_Unit="Точка" Su_Nmb="22"><Ordinate X="12408.63" Y="10557.47" /></Spelement_Unit><Spelement_Unit Type_Unit="Точка" Su_Nmb="23"><Ordinate X="12420.01" Y="10570.83" /></Spelement_Unit><Spelement_Unit Type_Unit="Точка" Su_Nmb="24"><Ordinate X="12426.44" Y="10570.44" /></Spelement_Unit><Spelement_Unit Type_Unit="Точка" Su_Nmb="25"><Ordinate X="12425.23" Y="10569.11" /></Spelement_Unit><Spelement_Unit Type_Unit="Точка" Su_Nmb="26"><Ordinate X="12420.62" Y="10569.39" /></Spelement_Unit><Spelement_Unit Type_Unit="Точка" Su_Nmb="27"><Ordinate X="12410.61" Y="10557.65" /></Spelement_Unit><Spelement_Unit Type_Unit="Точка" Su_Nmb="28"><Ordinate X="12428.79" Y="10542.57" /></Spelement_Unit><Spelement_Unit Type_Unit="Точка" Su_Nmb="29"><Ordinate X="12426.97" Y="10534.39" /></Spelement_Unit><Spelement_Unit Type_Unit="Точка" Su_Nmb="30"><Ordinate X="12438.45" Y="10521.31" /></Spelement_Unit><Spelement_Unit Type_Unit="Точка" Su_Nmb="31"><Ordinate X="12440.01" Y="10523.35" /></Spelement_Unit><Spelement_Unit Type_Unit="Точка" Su_Nmb="32"><Ordinate X="12436.89" Y="10526.22" /></Spelement_Unit><Spelement_Unit Type_Unit="Точка" Su_Nmb="33"><Ordinate X="12437.86" Y="10527.37" /></Spelement_Unit><Spelement_Unit Type_Unit="Точка" Su_Nmb="34"><Ordinate X="12440.92" Y="10524.54" /></Spelement_Unit><Spelement_Unit Type_Unit="Точка" Su_Nmb="35"><Ordinate X="12442.94" Y="10527.19" /></Spelement_Unit><Spelement_Unit Type_Unit="Точка" Su_Nmb="36"><Ordinate X="12444.08" Y="10526.21" /></Spelement_Unit><Spelement_Unit Type_Unit="Точка" Su_Nmb="37"><Ordinate X="12442.08" Y="10523.48" /></Spelement_Unit><Spelement_Unit Type_Unit="Точка" Su_Nmb="38"><Ordinate X="12449.65" Y="10516.50" /></Spelement_Unit><Spelement_Unit Type_Unit="Точка" Su_Nmb="39"><Ordinate X="12443.81" Y="10506.49" /></Spelement_Unit><Spelement_Unit Type_Unit="Точка" Su_Nmb="40"><Ordinate X="12444.08" Y="10504.13" /></Spelement_Unit><Spelement_Unit Type_Unit="Точка" Su_Nmb="41"><Ordinate X="12439.45" Y="10498.42" /></Spelement_Unit><Spelement_Unit Type_Unit="Точка" Su_Nmb="42"><Ordinate X="12433.46" Y="10496.86" /></Spelement_Unit><Spelement_Unit Type_Unit="Точка" Su_Nmb="43"><Ordinate X="12421.80" Y="10481.52" /></Spelement_Unit><Spelement_Unit Type_Unit="Точка" Su_Nmb="44"><Ordinate X="12416.99" Y="10480.47" /></Spelement_Unit><Spelement_Unit Type_Unit="Точка" Su_Nmb="45"><Ordinate X="12415.39" Y="10481.65" /></Spelement_Unit><Spelement_Unit Type_Unit="Точка" Su_Nmb="46"><Ordinate X="12420.94" Y="10482.87" /></Spelement_Unit><Spelement_Unit Type_Unit="Точка" Su_Nmb="47"><Ordinate X="12432.58" Y="10498.18" /></Spelement_Unit><Spelement_Unit Type_Unit="Точка" Su_Nmb="48"><Ordinate X="12438.60" Y="10499.75" /></Spelement_Unit><Spelement_Unit Type_Unit="Точка" Su_Nmb="49"><Ordinate X="12442.52" Y="10504.59" /></Spelement_Unit><Spelement_Unit Type_Unit="Точка" Su_Nmb="50"><Ordinate X="12442.26" Y="10506.81" /></Spelement_Unit><Spelement_Unit Type_Unit="Точка" Su_Nmb="51"><Ordinate X="12447.75" Y="10516.22" /></Spelement_Unit><Spelement_Unit Type_Unit="Точка" Su_Nmb="52"><Ordinate X="12441.08" Y="10522.36" /></Spelement_Unit><Spelement_Unit Type_Unit="Точка" Su_Nmb="53"><Ordinate X="12439.64" Y="10520.40" /></Spelement_Unit><Spelement_Unit Type_Unit="Точка" Su_Nmb="54"><Ordinate X="12444.16" Y="10517.01" /></Spelement_Unit><Spelement_Unit Type_Unit="Точка" Su_Nmb="55"><Ordinate X="12425.26" Y="10492.17" /></Spelement_Unit><Spelement_Unit Type_Unit="Точка" Su_Nmb="56"><Ordinate X="12421.31" Y="10492.82" /></Spelement_Unit><Spelement_Unit Type_Unit="Точка" Su_Nmb="57"><Ordinate X="12413.69" Y="10482.86" /></Spelement_Unit><Spelement_Unit Type_Unit="Точка" Su_Nmb="58"><Ordinate X="12412.50" Y="10483.77" /></Spelement_Unit><Spelement_Unit Type_Unit="Точка" Su_Nmb="59"><Ordinate X="12419.64" Y="10493.09" /></Spelement_Unit><Spelement_Unit Type_Unit="Точка" Su_Nmb="60"><Ordinate X="12414.58" Y="10493.92" /></Spelement_Unit><Spelement_Unit Type_Unit="Точка" Su_Nmb="61"><Ordinate X="12404.64" Y="10482.91" /></Spelement_Unit><Spelement_Unit Type_Unit="Точка" Su_Nmb="62"><Ordinate X="12403.15" Y="10484.25" /></Spelement_Unit></Spatial_Element></Entity_Spatial></Parcel><Parcel CadastralNumber=":18" Name="01" State="01" DateCreated="2007-01-01"><Areas><Area><AreaCode>008</AreaCode><Area>12.95</Area><Unit>055</Unit></Area></Areas><Location><Address><Code_OKATO>45286565000</Code_OKATO><Code_KLADR>77000000000064400</Code_KLADR><Region>77</Region><Street Name="Краснопрудная" Type="ул" /><Level1 Type="д" Value="22-24" /><Note>г Москва, ул Краснопрудная, вл 22-24</Note></Address></Location><Category Category="003002000000" /><Utilization ByDoc="прокладка коммуникаций" /><Ground_Payments><Ground_Payment Kind="016010000000" Value="12.02627" Unit="384" Date="2008-01-17" /></Ground_Payments><Encumbrances><Encumbrance><Name>Аренда</Name><Type>022006000000</Type></Encumbrance></Encumbrances><Entity_Spatial Ent_Sys="1"><Spatial_Element><Spelement_Unit Type_Unit="Точка" Su_Nmb="1"><Ordinate X="12409.96" Y="10442.90" /></Spelement_Unit><Spelement_Unit Type_Unit="Точка" Su_Nmb="2"><Ordinate X="12408.82" Y="10441.46" /></Spelement_Unit><Spelement_Unit Type_Unit="Точка" Su_Nmb="3"><Ordinate X="12402.76" Y="10445.16" /></Spelement_Unit><Spelement_Unit Type_Unit="Точка" Su_Nmb="4"><Ordinate X="12403.90" Y="10446.60" /></Spelement_Unit></Spatial_Element></Entity_Spatial></Parcel><Parcel CadastralNumber=":19" Name="01" State="01" DateCreated="2007-01-01"><Areas><Area><AreaCode>008</AreaCode><Area>8.18</Area><Unit>055</Unit></Area></Areas><Location><Address><Code_OKATO>45286565000</Code_OKATO><Code_KLADR>77000000000064400</Code_KLADR><Region>77</Region><Street Name="Краснопрудная" Type="ул" /><Level1 Type="д" Value="22-24" /><Note>г Москва, ул Краснопрудная, вл 22-24</Note></Address></Location><Category Category="003002000000" /><Utilization ByDoc="прокладка коммуникаций" /><Ground_Payments><Ground_Payment Kind="016010000000" Value="7.59652" Unit="384" Date="2008-01-17" /></Ground_Payments><Encumbrances><Encumbrance><Name>Аренда</Name><Type>022006000000</Type></Encumbrance></Encumbrances><Entity_Spatial Ent_Sys="1"><Spatial_Element><Spelement_Unit Type_Unit="Точка" Su_Nmb="1"><Ordinate X="12399.94" Y="10441.94" /></Spelement_Unit><Spelement_Unit Type_Unit="Точка" Su_Nmb="2"><Ordinate X="12400.59" Y="10442.80" /></Spelement_Unit><Spelement_Unit Type_Unit="Точка" Su_Nmb="3"><Ordinate X="12408.48" Y="10440.62" /></Spelement_Unit><Spelement_Unit Type_Unit="Точка" Su_Nmb="4"><Ordinate X="12407.82" Y="10439.76" /></Spelement_Unit></Spatial_Element></Entity_Spatial></Parcel><Parcel CadastralNumber=":20" Name="01" State="01" DateCreated="2007-01-01"><Areas><Area><AreaCode>008</AreaCode><Area>38.42</Area><Unit>055</Unit></Area></Areas><Location><Address><Code_OKATO>45286565000</Code_OKATO><Code_KLADR>77000000000064400</Code_KLADR><Region>77</Region><Street Name="Краснопрудная" Type="ул" /><Level1 Type="д" Value="22-24" /><Note>г Москва, ул Краснопрудная, вл 22-24</Note></Address></Location><Category Category="003002000000" /><Utilization ByDoc="прокладка коммуникаций" /><Ground_Payments><Ground_Payment Kind="016010000000" Value="35.6795" Unit="384" Date="2008-01-17" /></Ground_Payments><Encumbrances><Encumbrance><Name>Аренда</Name><Type>022006000000</Type></Encumbrance></Encumbrances><Entity_Spatial Ent_Sys="1"><Spatial_Element><Spelement_Unit Type_Unit="Точка" Su_Nmb="1"><Ordinate X="12391.12" Y="10439.38" /></Spelement_Unit><Spelement_Unit Type_Unit="Точка" Su_Nmb="2"><Ordinate X="12392.28" Y="10438.77" /></Spelement_Unit><Spelement_Unit Type_Unit="Точка" Su_Nmb="3"><Ordinate X="12385.22" Y="10427.95" /></Spelement_Unit><Spelement_Unit Type_Unit="Точка" Su_Nmb="4"><Ordinate X="12381.18" Y="10430.41" /></Spelement_Unit><Spelement_Unit Type_Unit="Точка" Su_Nmb="5"><Ordinate X="12378.39" Y="10432.31" /></Spelement_Unit><Spelement_Unit Type_Unit="Точка" Su_Nmb="6"><Ordinate X="12369.82" Y="10437.17" /></Spelement_Unit><Spelement_Unit Type_Unit="Точка" Su_Nmb="7"><Ordinate X="12370.50" Y="10438.28" /></Spelement_Unit><Spelement_Unit Type_Unit="Точка" Su_Nmb="8"><Ordinate X="12379.08" Y="10433.41" /></Spelement_Unit><Spelement_Unit Type_Unit="Точка" Su_Nmb="9"><Ordinate X="12381.88" Y="10431.50" /></Spelement_Unit><Spelement_Unit Type_Unit="Точка" Su_Nmb="10"><Ordinate X="12384.82" Y="10429.72" /></Spelement_Unit></Spatial_Element></Entity_Spatial></Parcel><Parcel CadastralNumber=":21" Name="01" State="01" DateCreated="2007-01-01"><Areas><Area><AreaCode>008</AreaCode><Area>12.88</Area><Unit>055</Unit></Area></Areas><Location><Address><Code_OKATO>45286565000</Code_OKATO><Code_KLADR>77000000000064400</Code_KLADR><Region>77</Region><Street Name="Краснопрудная" Type="ул" /><Level1 Type="д" Value="22-24" /><Note>г Москва, ул Краснопрудная, вл 22-24</Note></Address></Location><Category Category="003002000000" /><Utilization ByDoc="прокладка коммуникаций" /><Ground_Payments><Ground_Payment Kind="016010000000" Value="11.96126" Unit="384" Date="2008-01-17" /></Ground_Payments><Encumbrances><Encumbrance><Name>Аренда</Name><Type>022006000000</Type></Encumbrance></Encumbrances><Entity_Spatial Ent_Sys="1"><Spatial_Element><Spelement_Unit Type_Unit="Точка" Su_Nmb="1"><Ordinate X="12380.09" Y="10445.04" /></Spelement_Unit><Spelement_Unit Type_Unit="Точка" Su_Nmb="2"><Ordinate X="12381.25" Y="10444.45" /></Spelement_Unit><Spelement_Unit Type_Unit="Точка" Su_Nmb="3"><Ordinate X="12377.92" Y="10439.42" /></Spelement_Unit><Spelement_Unit Type_Unit="Точка" Su_Nmb="4"><Ordinate X="12373.48" Y="10442.16" /></Spelement_Unit><Spelement_Unit Type_Unit="Точка" Su_Nmb="5"><Ordinate X="12374.18" Y="10443.26" /></Spelement_Unit><Spelement_Unit Type_Unit="Точка" Su_Nmb="6"><Ordinate X="12377.53" Y="10441.19" /></Spelement_Unit></Spatial_Element></Entity_Spatial></Parcel><Parcel CadastralNumber=":22" Name="01" State="01" DateCreated="2007-01-01"><Areas><Area><AreaCode>008</AreaCode><Area>50.32</Area><Unit>055</Unit></Area></Areas><Location><Address><Code_OKATO>45286565000</Code_OKATO><Code_KLADR>77000000000064400</Code_KLADR><Region>77</Region><Street Name="Краснопрудная" Type="ул" /><Level1 Type="д" Value="22-24" /><Note>г Москва, ул Краснопрудная, вл 22-24</Note></Address></Location><Category Category="003002000000" /><Utilization ByDoc="прокладка коммуникаций" /><Ground_Payments><Ground_Payment Kind="016010000000" Value="46.73067" Unit="384" Date="2008-01-17" /></Ground_Payments><Encumbrances><Encumbrance><Name>Аренда</Name><Type>022006000000</Type></Encumbrance></Encumbrances><Entity_Spatial Ent_Sys="1"><Spatial_Element><Spelement_Unit Type_Unit="Точка" Su_Nmb="1"><Ordinate X="12385.58" Y="10471.08" /></Spelement_Unit><Spelement_Unit Type_Unit="Точка" Su_Nmb="2"><Ordinate X="12381.72" Y="10465.43" /></Spelement_Unit><Spelement_Unit Type_Unit="Точка" Su_Nmb="3"><Ordinate X="12363.06" Y="10477.57" /></Spelement_Unit><Spelement_Unit Type_Unit="Точка" Su_Nmb="4"><Ordinate X="12364.31" Y="10484.77" /></Spelement_Unit><Spelement_Unit Type_Unit="Точка" Su_Nmb="5"><Ordinate X="12365.65" Y="10483.75" /></Spelement_Unit><Spelement_Unit Type_Unit="Точка" Su_Nmb="6"><Ordinate X="12364.70" Y="10478.29" /></Spelement_Unit><Spelement_Unit Type_Unit="Точка" Su_Nmb="7"><Ordinate X="12381.31" Y="10467.48" /></Spelement_Unit><Spelement_Unit Type_Unit="Точка" Su_Nmb="8"><Ordinate X="12384.32" Y="10471.88" /></Spelement_Unit></Spatial_Element></Entity_Spatial></Parcel><Parcel CadastralNumber=":23" Name="01" State="01" DateCreated="2007-01-01"><Areas><Area><AreaCode>008</AreaCode><Area>63.37</Area><Unit>055</Unit></Area></Areas><Location><Address><Code_OKATO>45286565000</Code_OKATO><Code_KLADR>77000000000064400</Code_KLADR><Region>77</Region><Street Name="Краснопрудная" Type="ул" /><Level1 Type="д" Value="22-24" /><Note>г Москва, ул Краснопрудная, вл 22-24</Note></Address></Location><Category Category="003002000000" /><Utilization ByDoc="прокладка коммуникаций" /><Ground_Payments><Ground_Payment Kind="016010000000" Value="58.84981" Unit="384" Date="2008-01-17" /></Ground_Payments><Encumbrances><Encumbrance><Name>Аренда</Name><Type>022006000000</Type></Encumbrance></Encumbrances><Entity_Spatial Ent_Sys="1"><Spatial_Element><Spelement_Unit Type_Unit="Точка" Su_Nmb="1"><Ordinate X="12386.95" Y="10469.97" /></Spelement_Unit><Spelement_Unit Type_Unit="Точка" Su_Nmb="2"><Ordinate X="12380.88" Y="10460.71" /></Spelement_Unit><Spelement_Unit Type_Unit="Точка" Su_Nmb="3"><Ordinate X="12359.81" Y="10474.52" /></Spelement_Unit><Spelement_Unit Type_Unit="Точка" Su_Nmb="4"><Ordinate X="12361.86" Y="10485" /></Spelement_Unit><Spelement_Unit Type_Unit="Точка" Su_Nmb="5"><Ordinate X="12362.40" Y="10485.74" /></Spelement_Unit><Spelement_Unit Type_Unit="Точка" Su_Nmb="6"><Ordinate X="12363.37" Y="10485.42" /></Spelement_Unit><Spelement_Unit Type_Unit="Точка" Su_Nmb="7"><Ordinate X="12361.36" Y="10475.17" /></Spelement_Unit><Spelement_Unit Type_Unit="Точка" Su_Nmb="8"><Ordinate X="12380.47" Y="10462.64" /></Spelement_Unit><Spelement_Unit Type_Unit="Точка" Su_Nmb="9"><Ordinate X="12385.77" Y="10470.72" /></Spelement_Unit></Spatial_Element></Entity_Spatial></Parcel><Parcel CadastralNumber=":28" Name="01" State="01" DateCreated="2007-01-01"><Areas><Area><AreaCode>008</AreaCode><Area>833</Area><Unit>055</Unit></Area></Areas><Location><inBounds>1</inBounds><Address><Code_OKATO>45286565000</Code_OKATO><Code_KLADR>77000000000064400</Code_KLADR><Region>77</Region><Street Name="Краснопрудная" Type="ул" /><Level1 Type="д" Value="22А" /><Level3 Type="строен" Value="1" /><Note>г Москва, ул Краснопрудная, вл 22А, стр 1</Note></Address></Location><Category Category="003002000000" /><Utilization ByDoc="эксплуатации части здания под административные цели; эксплуатации здания под административные цели" /><Ground_Payments><Ground_Payment Kind="016010000000" Value="43642.07785" Unit="384" Date="2008-01-17" /></Ground_Payments><Encumbrances><Encumbrance><Name>Аренда</Name><Type>022006000000</Type></Encumbrance></Encumbrances><Entity_Spatial Ent_Sys="1"><Spatial_Element><Spelement_Unit Type_Unit="Точка" Su_Nmb="1"><Ordinate X="12376.51" Y="10446.44" /></Spelement_Unit><Spelement_Unit Type_Unit="Точка" Su_Nmb="2"><Ordinate X="12371.80" Y="10449.65" /></Spelement_Unit><Spelement_Unit Type_Unit="Точка" Su_Nmb="3"><Ordinate X="12370.41" Y="10447.62" /></Spelement_Unit><Spelement_Unit Type_Unit="Точка" Su_Nmb="4"><Ordinate X="12351.20" Y="10461.23" /></Spelement_Unit><Spelement_Unit Type_Unit="Точка" Su_Nmb="5"><Ordinate X="12348.74" Y="10460.05" /></Spelement_Unit><Spelement_Unit Type_Unit="Точка" Su_Nmb="6"><Ordinate X="12345.54" Y="10462.61" /></Spelement_Unit><Spelement_Unit Type_Unit="Точка" Su_Nmb="7"><Ordinate X="12361.86" Y="10485" /></Spelement_Unit><Spelement_Unit Type_Unit="Точка" Su_Nmb="8"><Ordinate X="12362.40" Y="10485.74" /></Spelement_Unit><Spelement_Unit Type_Unit="Точка" Su_Nmb="9"><Ordinate X="12353.19" Y="10492.36" /></Spelement_Unit><Spelement_Unit Type_Unit="Точка" Su_Nmb="10"><Ordinate X="12330.88" Y="10462.70" /></Spelement_Unit><Spelement_Unit Type_Unit="Точка" Su_Nmb="11"><Ordinate X="12358.04" Y="10442.83" /></Spelement_Unit><Spelement_Unit Type_Unit="Точка" Su_Nmb="12"><Ordinate X="12356.87" Y="10441.28" /></Spelement_Unit><Spelement_Unit Type_Unit="Точка" Su_Nmb="13"><Ordinate X="12364.93" Y="10435.81" /></Spelement_Unit><Spelement_Unit Type_Unit="Точка" Su_Nmb="14"><Ordinate X="12365.82" Y="10437.06" /></Spelement_Unit><Spelement_Unit Type_Unit="Точка" Su_Nmb="15"><Ordinate X="12368.51" Y="10435.17" /></Spelement_Unit><Spelement_Unit Type_Unit="Точка" Su_Nmb="16"><Ordinate X="12369.82" Y="10437.17" /></Spelement_Unit><Spelement_Unit Type_Unit="Точка" Su_Nmb="17"><Ordinate X="12370.50" Y="10438.28" /></Spelement_Unit><Spelement_Unit Type_Unit="Точка" Su_Nmb="18"><Ordinate X="12373.48" Y="10442.16" /></Spelement_Unit><Spelement_Unit Type_Unit="Точка" Su_Nmb="19"><Ordinate X="12374.18" Y="10443.26" /></Spelement_Unit></Spatial_Element></Entity_Spatial></Parcel><Parcel CadastralNumber=":29" Name="01" State="01" DateCreated="2002-04-04"><Areas><Area><AreaCode>008</AreaCode><Area>3848</Area><Unit>055</Unit></Area></Areas><Location><Address><Code_OKATO>45286565000</Code_OKATO><Code_KLADR>77000000000064400</Code_KLADR><Region>77</Region><Street Name="Краснопрудная" Type="ул" /><Note>г. Москва, Краснопрудная ул., влад. 18, стр. 1</Note></Address></Location><Category Category="003002000000" /><Utilization Kind="142002000000" ByDoc="эксплуатации здания под административные цели" /><Rights><Right><Name>Собственность</Name><Type>001001000000</Type></Right></Rights><Ground_Payments><Ground_Payment Kind="016010000000" Value="169372.606" Unit="384" Date="2010-10-18" /></Ground_Payments><Entity_Spatial Ent_Sys="1"><Spatial_Element><Spelement_Unit Type_Unit="Точка" Su_Nmb="1"><Ordinate X="12339.69" Y="10325.14" /></Spelement_Unit><Spelement_Unit Type_Unit="Точка" Su_Nmb="2"><Ordinate X="12303.64" Y="10343.99" /></Spelement_Unit><Spelement_Unit Type_Unit="Точка" Su_Nmb="3"><Ordinate X="12301.75" Y="10345.21" /></Spelement_Unit><Spelement_Unit Type_Unit="Точка" Su_Nmb="4"><Ordinate X="12295.19" Y="10350.26" /></Spelement_Unit><Spelement_Unit Type_Unit="Точка" Su_Nmb="5"><Ordinate X="12287.61" Y="10355.96" /></Spelement_Unit><Spelement_Unit Type_Unit="Точка" Su_Nmb="6"><Ordinate X="12286.12" Y="10354.09" /></Spelement_Unit><Spelement_Unit Type_Unit="Точка" Su_Nmb="7"><Ordinate X="12281.07" Y="10358.03" /></Spelement_Unit><Spelement_Unit Type_Unit="Точка" Su_Nmb="8"><Ordinate X="12279.97" Y="10356.76" /></Spelement_Unit><Spelement_Unit Type_Unit="Точка" Su_Nmb="9"><Ordinate X="12270.90" Y="10363.70" /></Spelement_Unit><Spelement_Unit Type_Unit="Точка" Su_Nmb="10"><Ordinate X="12272.12" Y="10367.01" /></Spelement_Unit><Spelement_Unit Type_Unit="Точка" Su_Nmb="11"><Ordinate X="12269.51" Y="10368.70" /></Spelement_Unit><Spelement_Unit Type_Unit="Точка" Su_Nmb="12"><Ordinate X="12265.92" Y="10370.75" /></Spelement_Unit><Spelement_Unit Type_Unit="Точка" Su_Nmb="13"><Ordinate X="12258.15" Y="10375.15" /></Spelement_Unit><Spelement_Unit Type_Unit="Точка" Su_Nmb="14"><Ordinate X="12254.40" Y="10371.93" /></Spelement_Unit><Spelement_Unit Type_Unit="Точка" Su_Nmb="15"><Ordinate X="12232.66" Y="10344.49" /></Spelement_Unit><Spelement_Unit Type_Unit="Точка" Su_Nmb="16"><Ordinate X="12256.20" Y="10326.38" /></Spelement_Unit><Spelement_Unit Type_Unit="Точка" Su_Nmb="17"><Ordinate X="12255.96" Y="10326.07" /></Spelement_Unit><Spelement_Unit Type_Unit="Точка" Su_Nmb="18"><Ordinate X="12261.88" Y="10321.39" /></Spelement_Unit><Spelement_Unit Type_Unit="Точка" Su_Nmb="19"><Ordinate X="12260.96" Y="10320.22" /></Spelement_Unit><Spelement_Unit Type_Unit="Точка" Su_Nmb="20"><Ordinate X="12264.64" Y="10317.24" /></Spelement_Unit><Spelement_Unit Type_Unit="Точка" Su_Nmb="21"><Ordinate X="12265.60" Y="10318.46" /></Spelement_Unit><Spelement_Unit Type_Unit="Точка" Su_Nmb="22"><Ordinate X="12269.06" Y="10315.73" /></Spelement_Unit><Spelement_Unit Type_Unit="Точка" Su_Nmb="23"><Ordinate X="12277.46" Y="10309.18" /></Spelement_Unit><Spelement_Unit Type_Unit="Точка" Su_Nmb="24"><Ordinate X="12280.58" Y="10314.10" /></Spelement_Unit><Spelement_Unit Type_Unit="Точка" Su_Nmb="25"><Ordinate X="12287.09" Y="10311.24" /></Spelement_Unit><Spelement_Unit Type_Unit="Точка" Su_Nmb="26"><Ordinate X="12297.89" Y="10305.03" /></Spelement_Unit><Spelement_Unit Type_Unit="Точка" Su_Nmb="27"><Ordinate X="12315.65" Y="10294.27" /></Spelement_Unit><Spelement_Unit Type_Unit="Точка" Su_Nmb="28"><Ordinate X="12318.09" Y="10297.24" /></Spelement_Unit><Spelement_Unit Type_Unit="Точка" Su_Nmb="29"><Ordinate X="12329.87" Y="10312.15" /></Spelement_Unit><Spelement_Unit Type_Unit="Точка" Su_Nmb="30"><Ordinate X="12334.55" Y="10318.50" /></Spelement_Unit></Spatial_Element></Entity_Spatial></Parcel><Parcel CadastralNumber=":30" Name="01" State="01" DateCreated="2007-01-01"><Areas><Area><AreaCode>008</AreaCode><Area>5</Area><Unit>055</Unit></Area></Areas><Location><Address><Code_OKATO>45286565000</Code_OKATO><Code_KLADR>77000000000064400</Code_KLADR><Region>77</Region><Street Name="Краснопрудная" Type="ул" /><Level1 Type="д" Value="22/24" /><Note>г Москва, ул Краснопрудная, вл 22/24</Note></Address></Location><Category Category="003002000000" /><Utilization ByDoc="эксплуатации существующего нестационарного торгового киоска &quot;Табак&quot;, являющегося движимым имуществом" /><Ground_Payments><Ground_Payment Kind="016010000000" Value="295.4493" Unit="384" Date="2008-01-17" /></Ground_Payments><Entity_Spatial Ent_Sys="1"><Spatial_Element><Spelement_Unit Type_Unit="Точка" Su_Nmb="1"><Ordinate X="12462.27" Y="10482.47" /></Spelement_Unit><Spelement_Unit Type_Unit="Точка" Su_Nmb="2"><Ordinate X="12460.65" Y="10483.71" /></Spelement_Unit><Spelement_Unit Type_Unit="Точка" Su_Nmb="3"><Ordinate X="12459.07" Y="10481.64" /></Spelement_Unit><Spelement_Unit Type_Unit="Точка" Su_Nmb="4"><Ordinate X="12460.69" Y="10480.40" /></Spelement_Unit></Spatial_Element></Entity_Spatial></Parcel><Parcel CadastralNumber=":32" Name="01" State="01" DateCreated="2007-04-11"><Areas><Area><AreaCode>008</AreaCode><Area>6</Area><Unit>055</Unit></Area></Areas><Location><Address><Code_OKATO>45286565000</Code_OKATO><Code_KLADR>77000000000064400</Code_KLADR><Region>77</Region><Street Name="Краснопрудная" Type="ул" /><Level1 Type="д" Value="24/2" /><Note>г Москва, ул Краснопрудная, вл 24/2</Note></Address></Location><Category Category="003002000000" /><Utilization ByDoc="эксплуатации торгового павильона" /><Ground_Payments><Ground_Payment Kind="016010000000" Value="324.3651" Unit="384" Date="2010-11-16" /></Ground_Payments><Entity_Spatial Ent_Sys="1"><Spatial_Element><Spelement_Unit Type_Unit="Точка" Su_Nmb="1"><Ordinate X="12489.41" Y="10554.53" /></Spelement_Unit><Spelement_Unit Type_Unit="Точка" Su_Nmb="2"><Ordinate X="12487.13" Y="10556.48" /></Spelement_Unit><Spelement_Unit Type_Unit="Точка" Su_Nmb="3"><Ordinate X="12485.86" Y="10554.95" /></Spelement_Unit><Spelement_Unit Type_Unit="Точка" Su_Nmb="4"><Ordinate X="12488.15" Y="10553" /></Spelement_Unit></Spatial_Element></Entity_Spatial></Parcel><Parcel CadastralNumber=":33" Name="01" State="01" DateCreated="2007-01-01"><Areas><Area><AreaCode>008</AreaCode><Area>3179</Area><Unit>055</Unit></Area></Areas><Location><inBounds>1</inBounds><Address><Code_OKATO>45286565000</Code_OKATO><Code_KLADR>77000000000064400</Code_KLADR><Region>77</Region><Street Name="Краснопрудная" Type="ул" /><Level1 Type="д" Value="20" /><Note>г Москва, ул Краснопрудная, вл 20</Note></Address></Location><Category Category="003002000000" /><Utilization ByDoc="эксплуатации административного здания" /><Rights><Right><Name>Собственность</Name><Type>001001000000</Type></Right></Rights><Ground_Payments><Ground_Payment Kind="016010000000" Value="134719.59842" Unit="384" Date="2008-01-17" /></Ground_Payments><Entity_Spatial Ent_Sys="1"><Spatial_Element><Spelement_Unit Type_Unit="Точка" Su_Nmb="1"><Ordinate X="12398.52" Y="10408.15" /></Spelement_Unit><Spelement_Unit Type_Unit="Точка" Su_Nmb="2"><Ordinate X="12389.22" Y="10414.92" /></Spelement_Unit><Spelement_Unit Type_Unit="Точка" Su_Nmb="3"><Ordinate X="12385.78" Y="10417.48" /></Spelement_Unit><Spelement_Unit Type_Unit="Точка" Su_Nmb="4"><Ordinate X="12372.97" Y="10400.55" /></Spelement_Unit><Spelement_Unit Type_Unit="Точка" Su_Nmb="5"><Ordinate X="12371.61" Y="10401.59" /></Spelement_Unit><Spelement_Unit Type_Unit="Точка" Su_Nmb="6"><Ordinate X="12369.14" Y="10398.48" /></Spelement_Unit><Spelement_Unit Type_Unit="Точка" Su_Nmb="7"><Ordinate X="12369.14" Y="10395.62" /></Spelement_Unit><Spelement_Unit Type_Unit="Точка" Su_Nmb="8"><Ordinate X="12357.70" Y="10380.85" /></Spelement_Unit><Spelement_Unit Type_Unit="Точка" Su_Nmb="9"><Ordinate X="12356.27" Y="10381.89" /></Spelement_Unit><Spelement_Unit Type_Unit="Точка" Su_Nmb="10"><Ordinate X="12354.98" Y="10380.08" /></Spelement_Unit><Spelement_Unit Type_Unit="Точка" Su_Nmb="11"><Ordinate X="12353.16" Y="10381.24" /></Spelement_Unit><Spelement_Unit Type_Unit="Точка" Su_Nmb="12"><Ordinate X="12351.42" Y="10380.60" /></Spelement_Unit><Spelement_Unit Type_Unit="Точка" Su_Nmb="13"><Ordinate X="12349.73" Y="10378.92" /></Spelement_Unit><Spelement_Unit Type_Unit="Точка" Su_Nmb="14"><Ordinate X="12348.76" Y="10376.78" /></Spelement_Unit><Spelement_Unit Type_Unit="Точка" Su_Nmb="15"><Ordinate X="12349.09" Y="10375.34" /></Spelement_Unit><Spelement_Unit Type_Unit="Точка" Su_Nmb="16"><Ordinate X="12351.49" Y="10373" /></Spelement_Unit><Spelement_Unit Type_Unit="Точка" Su_Nmb="17"><Ordinate X="12345.15" Y="10364.76" /></Spelement_Unit><Spelement_Unit Type_Unit="Точка" Su_Nmb="18"><Ordinate X="12343.14" Y="10364.50" /></Spelement_Unit><Spelement_Unit Type_Unit="Точка" Su_Nmb="19"><Ordinate X="12340.80" Y="10366.12" /></Spelement_Unit><Spelement_Unit Type_Unit="Точка" Su_Nmb="20"><Ordinate X="12339" Y="10371.80" /></Spelement_Unit><Spelement_Unit Type_Unit="Точка" Su_Nmb="21"><Ordinate X="12336.86" Y="10373.29" /></Spelement_Unit><Spelement_Unit Type_Unit="Точка" Su_Nmb="22"><Ordinate X="12333.57" Y="10373.31" /></Spelement_Unit><Spelement_Unit Type_Unit="Точка" Su_Nmb="23"><Ordinate X="12330.84" Y="10371.95" /></Spelement_Unit><Spelement_Unit Type_Unit="Точка" Su_Nmb="24"><Ordinate X="12328.11" Y="10372.99" /></Spelement_Unit><Spelement_Unit Type_Unit="Точка" Su_Nmb="25"><Ordinate X="12327.34" Y="10374.44" /></Spelement_Unit><Spelement_Unit Type_Unit="Точка" Su_Nmb="26"><Ordinate X="12327.28" Y="10376.90" /></Spelement_Unit><Spelement_Unit Type_Unit="Точка" Su_Nmb="27"><Ordinate X="12337.11" Y="10394.60" /></Spelement_Unit><Spelement_Unit Type_Unit="Точка" Su_Nmb="28"><Ordinate X="12338.93" Y="10394.53" /></Spelement_Unit><Spelement_Unit Type_Unit="Точка" Su_Nmb="29"><Ordinate X="12340.88" Y="10395.89" /></Spelement_Unit><Spelement_Unit Type_Unit="Точка" Su_Nmb="30"><Ordinate X="12342.05" Y="10397.89" /></Spelement_Unit><Spelement_Unit Type_Unit="Точка" Su_Nmb="31"><Ordinate X="12342.05" Y="10400.03" /></Spelement_Unit><Spelement_Unit Type_Unit="Точка" Su_Nmb="32"><Ordinate X="12341.08" Y="10401.52" /></Spelement_Unit><Spelement_Unit Type_Unit="Точка" Su_Nmb="33"><Ordinate X="12350.99" Y="10418.55" /></Spelement_Unit><Spelement_Unit Type_Unit="Точка" Su_Nmb="34"><Ordinate X="12352.61" Y="10417.84" /></Spelement_Unit><Spelement_Unit Type_Unit="Точка" Su_Nmb="35"><Ordinate X="12355.27" Y="10422.63" /></Spelement_Unit><Spelement_Unit Type_Unit="Точка" Su_Nmb="36"><Ordinate X="12339.71" Y="10431.35" /></Spelement_Unit><Spelement_Unit Type_Unit="Точка" Su_Nmb="37"><Ordinate X="12328.43" Y="10411.70" /></Spelement_Unit><Spelement_Unit Type_Unit="Точка" Su_Nmb="38"><Ordinate X="12327" Y="10412.41" /></Spelement_Unit><Spelement_Unit Type_Unit="Точка" Su_Nmb="39"><Ordinate X="12320.55" Y="10400.49" /></Spelement_Unit><Spelement_Unit Type_Unit="Точка" Su_Nmb="40"><Ordinate X="12321.92" Y="10399.84" /></Spelement_Unit><Spelement_Unit Type_Unit="Точка" Su_Nmb="41"><Ordinate X="12303.94" Y="10366.70" /></Spelement_Unit><Spelement_Unit Type_Unit="Точка" Su_Nmb="42"><Ordinate X="12350.21" Y="10339.91" /></Spelement_Unit><Spelement_Unit Type_Unit="Точка" Su_Nmb="43"><Ordinate X="12387.36" Y="10390.16" /></Spelement_Unit><Spelement_Unit Type_Unit="Точка" Su_Nmb="44"><Ordinate X="12384.57" Y="10392.16" /></Spelement_Unit><Spelement_Unit Type_Unit="Точка" Su_Nmb="45"><Ordinate X="12395.54" Y="10407.21" /></Spelement_Unit><Spelement_Unit Type_Unit="Точка" Su_Nmb="46"><Ordinate X="12396.97" Y="10406.24" /></Spelement_Unit></Spatial_Element></Entity_Spatial></Parcel><Parcel CadastralNumber=":34" Name="01" State="01" DateCreated="2007-01-01"><Areas><Area><AreaCode>008</AreaCode><Area>1047</Area><Unit>055</Unit></Area></Areas><Location><inBounds>1</inBounds><Address><Code_OKATO>45000000000</Code_OKATO><Code_KLADR>7700000000000</Code_KLADR><Region>77</Region><Street Name="Давыдовский" Type="пер" /><Level1 Type="д" Value="3" /><Level3 Type="строен" Value="1" /><Note>г Москва, пер Давыдовский, вл 3, стр 1</Note></Address></Location><Category Category="003002000000" /><Utilization ByDoc="эксплуатации административного здания" /><Rights><Right><Name>Собственность</Name><Type>001001000000</Type></Right></Rights><Ground_Payments><Ground_Payment Kind="016010000000" Value="54962.91414" Unit="384" Date="2008-01-17" /></Ground_Payments><Entity_Spatial Ent_Sys="1"><Spatial_Element><Spelement_Unit Type_Unit="Точка" Su_Nmb="1"><Ordinate X="12316.46" Y="10444.68" /></Spelement_Unit><Spelement_Unit Type_Unit="Точка" Su_Nmb="2"><Ordinate X="12305.34" Y="10451.68" /></Spelement_Unit><Spelement_Unit Type_Unit="Точка" Su_Nmb="3"><Ordinate X="12263.72" Y="10392.22" /></Spelement_Unit><Spelement_Unit Type_Unit="Точка" Su_Nmb="4"><Ordinate X="12274.41" Y="10384.23" /></Spelement_Unit></Spatial_Element></Entity_Spatial></Parcel><Parcel CadastralNumber=":35" Name="01" State="01" DateCreated="2007-01-01"><Areas><Area><AreaCode>008</AreaCode><Area>1079</Area><Unit>055</Unit></Area></Areas><Location><inBounds>1</inBounds><Address><Code_OKATO>45286565000</Code_OKATO><Code_KLADR>77000000000069800</Code_KLADR><Region>77</Region><Street Name="Давыдовский" Type="пер" /><Level1 Type="д" Value="5" /><Level3 Type="строен" Value="1" /><Note>г Москва, пер Давыдовский, вл 5, стр 1</Note></Address></Location><Category Category="003002000000" /><Utilization ByDoc="эксплуатации  административного здания" /><Rights><Right><Name>Собственность</Name><Type>001001000000</Type></Right></Rights><Ground_Payments><Ground_Payment Kind="016010000000" Value="56659.50927" Unit="384" Date="2008-01-17" /></Ground_Payments><Entity_Spatial Ent_Sys="1"><Spatial_Element><Spelement_Unit Type_Unit="Точка" Su_Nmb="1"><Ordinate X="12264.03" Y="10426.47" /></Spelement_Unit><Spelement_Unit Type_Unit="Точка" Su_Nmb="2"><Ordinate X="12252.55" Y="10433.70" /></Spelement_Unit><Spelement_Unit Type_Unit="Точка" Su_Nmb="3"><Ordinate X="12253.79" Y="10435.64" /></Spelement_Unit><Spelement_Unit Type_Unit="Точка" Su_Nmb="4"><Ordinate X="12239.18" Y="10445.22" /></Spelement_Unit><Spelement_Unit Type_Unit="Точка" Su_Nmb="5"><Ordinate X="12245.27" Y="10454.48" /></Spelement_Unit><Spelement_Unit Type_Unit="Точка" Su_Nmb="6"><Ordinate X="12235.70" Y="10461.51" /></Spelement_Unit><Spelement_Unit Type_Unit="Точка" Su_Nmb="7"><Ordinate X="12227.59" Y="10449.28" /></Spelement_Unit><Spelement_Unit Type_Unit="Точка" Su_Nmb="8"><Ordinate X="12226.55" Y="10449.80" /></Spelement_Unit><Spelement_Unit Type_Unit="Точка" Su_Nmb="9"><Ordinate X="12222.57" Y="10444.09" /></Spelement_Unit><Spelement_Unit Type_Unit="Точка" Su_Nmb="10"><Ordinate X="12223.22" Y="10443.70" /></Spelement_Unit><Spelement_Unit Type_Unit="Точка" Su_Nmb="11"><Ordinate X="12216.59" Y="10433.84" /></Spelement_Unit><Spelement_Unit Type_Unit="Точка" Su_Nmb="12"><Ordinate X="12254.45" Y="10408.86" /></Spelement_Unit><Spelement_Unit Type_Unit="Точка" Su_Nmb="13"><Ordinate X="12258.35" Y="10414.37" /></Spelement_Unit><Spelement_Unit Type_Unit="Точка" Su_Nmb="14"><Ordinate X="12256.92" Y="10415.27" /></Spelement_Unit></Spatial_Element></Entity_Spatial></Parcel><Parcel CadastralNumber=":39" Name="01" State="01" DateCreated="2007-01-01"><Areas><Area><AreaCode>008</AreaCode><Area>2</Area><Unit>055</Unit></Area></Areas><Location><Address><Code_OKATO>45286565000</Code_OKATO><Code_KLADR>77000000000064400</Code_KLADR><Region>77</Region><Street Name="Краснопрудная" Type="ул" /><Level1 Type="д" Value="12-16" /><Note>г Москва, ул Краснопрудная, вл 12-16</Note></Address></Location><Category Category="003002000000" /><Utilization ByDoc="РАЗМЕЩЕНИЯ И  ЭКСПЛУАТАЦИИ некапитального киоска &quot;Чистка обуви&quot;, являющегося движимым имуществом" /><Ground_Payments><Ground_Payment Kind="016010000000" Value="108.76864" Unit="384" Date="2008-01-17" /></Ground_Payments><Entity_Spatial Ent_Sys="1"><Spatial_Element><Spelement_Unit Type_Unit="Точка" Su_Nmb="1"><Ordinate X="12284.73" Y="10253.05" /></Spelement_Unit><Spelement_Unit Type_Unit="Точка" Su_Nmb="2"><Ordinate X="12283.91" Y="10253.71" /></Spelement_Unit><Spelement_Unit Type_Unit="Точка" Su_Nmb="3"><Ordinate X="12282.72" Y="10252.28" /></Spelement_Unit><Spelement_Unit Type_Unit="Точка" Su_Nmb="4"><Ordinate X="12283.54" Y="10251.62" /></Spelement_Unit></Spatial_Element></Entity_Spatial></Parcel><Parcel CadastralNumber=":41" Name="01" State="01" DateCreated="2007-01-01"><Areas><Area><AreaCode>008</AreaCode><Area>1300</Area><Unit>055</Unit></Area></Areas><Location><inBounds>1</inBounds><Address><Code_OKATO>45286565000</Code_OKATO><Code_KLADR>77000000000065000</Code_KLADR><Region>77</Region><Street Name="Красносельская Нижняя" Type="ул" /><Level1 Type="д" Value="4" /><Level3 Type="строен" Value="1" /><Note>г Москва, ул Нижняя Красносельская, вл 4, стр 1</Note></Address></Location><Category Category="003002000000" /><Utilization ByDoc="эксплуатации административного здания и благоустройство территории;  эксплуатации части здания под административные цели и благоустройство территории" /><Rights><Right><Name>Собственность</Name><Type>001001000000</Type></Right></Rights><Ground_Payments><Ground_Payment Kind="016010000000" Value="68322.475" Unit="384" Date="2011-10-25" /></Ground_Payments><Entity_Spatial Ent_Sys="1"><Spatial_Element><Spelement_Unit Type_Unit="Точка" Su_Nmb="1"><Ordinate X="12477.09" Y="10569.88" /></Spelement_Unit><Spelement_Unit Type_Unit="Точка" Su_Nmb="2"><Ordinate X="12450.46" Y="10594.61" /></Spelement_Unit><Spelement_Unit Type_Unit="Точка" Su_Nmb="3"><Ordinate X="12447.48" Y="10591.38" /></Spelement_Unit><Spelement_Unit Type_Unit="Точка" Su_Nmb="4"><Ordinate X="12439.75" Y="10583.01" /></Spelement_Unit><Spelement_Unit Type_Unit="Точка" Su_Nmb="5"><Ordinate X="12438.89" Y="10583.67" /></Spelement_Unit><Spelement_Unit Type_Unit="Точка" Su_Nmb="6"><Ordinate X="12424.47" Y="10567.59" /></Spelement_Unit><Spelement_Unit Type_Unit="Точка" Su_Nmb="7"><Ordinate X="12433.43" Y="10559.28" /></Spelement_Unit><Spelement_Unit Type_Unit="Точка" Su_Nmb="8"><Ordinate X="12435.45" Y="10561.49" /></Spelement_Unit><Spelement_Unit Type_Unit="Точка" Su_Nmb="9"><Ordinate X="12451.88" Y="10547.23" /></Spelement_Unit><Spelement_Unit Type_Unit="Точка" Su_Nmb="10"><Ordinate X="12456.35" Y="10552.10" /></Spelement_Unit><Spelement_Unit Type_Unit="Точка" Su_Nmb="11"><Ordinate X="12455.93" Y="10552.44" /></Spelement_Unit><Spelement_Unit Type_Unit="Точка" Su_Nmb="12"><Ordinate X="12459.65" Y="10556.55" /></Spelement_Unit><Spelement_Unit Type_Unit="Точка" Su_Nmb="13"><Ordinate X="12461.33" Y="10558.38" /></Spelement_Unit><Spelement_Unit Type_Unit="Точка" Su_Nmb="14"><Ordinate X="12463.94" Y="10556" /></Spelement_Unit><Spelement_Unit Type_Unit="Точка" Su_Nmb="15"><Ordinate X="12466.26" Y="10558.42" /></Spelement_Unit><Spelement_Unit Type_Unit="Точка" Su_Nmb="16"><Ordinate X="12466.40" Y="10558.29" /></Spelement_Unit><Spelement_Unit Type_Unit="Точка" Su_Nmb="17"><Ordinate X="12474.02" Y="10566.56" /></Spelement_Unit></Spatial_Element></Entity_Spatial></Parcel><Parcel CadastralNumber=":42" Name="01" State="01" DateCreated="2007-01-01"><Areas><Area><AreaCode>008</AreaCode><Area>90</Area><Unit>055</Unit></Area></Areas><Location><Address><Code_OKATO>45286565000</Code_OKATO><Code_KLADR>77000000000064400</Code_KLADR><Region>77</Region><Street Name="Краснопрудная" Type="ул" /><Level1 Type="д" Value="22/24" /><Note>г Москва, ул Краснопрудная, вл 22/24</Note></Address></Location><Category Category="003002000000" /><Utilization ByDoc="организации муниципальной платной парковки" /><Ground_Payments><Ground_Payment Kind="016010000000" Value="2389.3722" Unit="384" Date="2008-01-17" /></Ground_Payments><Entity_Spatial Ent_Sys="1"><Spatial_Element><Spelement_Unit Type_Unit="Точка" Su_Nmb="1"><Ordinate X="12462.22" Y="10467.73" /></Spelement_Unit><Spelement_Unit Type_Unit="Точка" Su_Nmb="2"><Ordinate X="12460.45" Y="10473.06" /></Spelement_Unit><Spelement_Unit Type_Unit="Точка" Su_Nmb="3"><Ordinate X="12448.66" Y="10458.22" /></Spelement_Unit><Spelement_Unit Type_Unit="Точка" Su_Nmb="4"><Ordinate X="12450.47" Y="10452.80" /></Spelement_Unit></Spatial_Element></Entity_Spatial></Parcel><Parcel CadastralNumber=":43" Name="01" State="01" DateCreated="2007-01-01"><Areas><Area><AreaCode>008</AreaCode><Area>1567.47</Area><Unit>055</Unit></Area></Areas><Location><Address><Code_OKATO>45286565000</Code_OKATO><Code_KLADR>77000000000069800</Code_KLADR><Region>77</Region><Street Name="Давыдовский" Type="пер" /><Note>г Москва, пер Давыдовский, ЗУ 01/77/00922 является уч.3621 перечня ЗУ существующей УДС От границы с ЗУ 01/77/01211 (Краснопрудная ул.) до тупика у дома № 3</Note></Address></Location><Category Category="003002000000" /><Utilization ByDoc="эксплуатации улично-дорожной сети" /><Ground_Payments><Ground_Payment Kind="016010000000" Value="0.001" Unit="384" Date="2008-01-17" /></Ground_Payments><Entity_Spatial Ent_Sys="1"><Spatial_Element><Spelement_Unit Type_Unit="Точка" Su_Nmb="1"><Ordinate X="12351.22" Y="10339.29" /></Spelement_Unit><Spelement_Unit Type_Unit="Точка" Su_Nmb="2"><Ordinate X="12261.03" Y="10390.86" /></Spelement_Unit><Spelement_Unit Type_Unit="Точка" Su_Nmb="3"><Ordinate X="12254.27" Y="10378.15" /></Spelement_Unit><Spelement_Unit Type_Unit="Точка" Su_Nmb="4"><Ordinate X="12341.13" Y="10326.41" /></Spelement_Unit></Spatial_Element></Entity_Spatial></Parcel><Parcel CadastralNumber=":44" Name="01" State="01" DateCreated="2007-01-01"><Areas><Area><AreaCode>008</AreaCode><Area>2005.98</Area><Unit>055</Unit></Area></Areas><Location><inBounds>1</inBounds><Address><Code_OKATO>45286565000</Code_OKATO><Code_KLADR>77000000000065000</Code_KLADR><Region>77</Region><Street Name="Нижняя Красносельская улица" Type="ул" /><Note>г Москва, Нижняя Красносельская улица, ЗУ 01/77/01226 в составе уч.3500 перечня ЗУ существующей УДС От границы с ЗУ 01/77/01211 (Краснопрудная ул.) до границы с ЗУ 01/77/01228 (Красносельская Нижн. ул.), совпадающей с кад.границей (с кв.77:01:03059), проходящей по оси Новый 1-й пер.</Note></Address></Location><Category Category="003002000000" /><Utilization ByDoc="эксплуатации улично-дорожной сети" /><SubParcels><SubParcel Number_PP="1" State="01"><Encumbrances><Encumbrance><Name>Аренда</Name><Type>022006000000</Type></Encumbrance></Encumbrances></SubParcel></SubParcels><Ground_Payments><Ground_Payment Kind="016010000000" Value="0.001" Unit="384" Date="2008-01-17" /></Ground_Payments><Entity_Spatial Ent_Sys="1"><Spatial_Element><Spelement_Unit Type_Unit="Точка" Su_Nmb="1"><Ordinate X="12474.02" Y="10566.56" /></Spelement_Unit><Spelement_Unit Type_Unit="Точка" Su_Nmb="2"><Ordinate X="12477.09" Y="10569.88" /></Spelement_Unit><Spelement_Unit Type_Unit="Точка" Su_Nmb="3"><Ordinate X="12450.46" Y="10594.61" /></Spelement_Unit><Spelement_Unit Type_Unit="Точка" Su_Nmb="4"><Ordinate X="12447.48" Y="10591.38" /></Spelement_Unit><Spelement_Unit Type_Unit="Точка" Su_Nmb="5"><Ordinate X="12441.79" Y="10596.71" /></Spelement_Unit><Spelement_Unit Type_Unit="Точка" Su_Nmb="6"><Ordinate X="12442.85" Y="10597.95" /></Spelement_Unit><Spelement_Unit Type_Unit="Точка" Su_Nmb="7"><Ordinate X="12415.73" Y="10621.57" /></Spelement_Unit><Spelement_Unit Type_Unit="Точка" Su_Nmb="8"><Ordinate X="12415.41" Y="10621.38" /></Spelement_Unit><Spelement_Unit Type_Unit="Точка" Su_Nmb="9"><Ordinate X="12408" Y="10628.31" /></Spelement_Unit><Spelement_Unit Type_Unit="Точка" Su_Nmb="10"><Ordinate X="12414.33" Y="10638" /></Spelement_Unit><Spelement_Unit Type_Unit="Точка" Su_Nmb="11"><Ordinate X="12441.43" Y="10616.13" /></Spelement_Unit><Spelement_Unit Type_Unit="Точка" Su_Nmb="12"><Ordinate X="12517.39" Y="10549.64" /></Spelement_Unit><Spelement_Unit Type_Unit="Точка" Su_Nmb="13"><Ordinate X="12505.84" Y="10536.81" /></Spelement_Unit><Spelement_Unit Type_Unit="Точка" Su_Nmb="14"><Ordinate X="12505.57" Y="10537.06" /></Spelement_Unit><Spelement_Unit Type_Unit="Точка" Su_Nmb="15"><Ordinate X="12506.08" Y="10537.70" /></Spelement_Unit><Spelement_Unit Type_Unit="Точка" Su_Nmb="16"><Ordinate X="12492.47" Y="10549.31" /></Spelement_Unit></Spatial_Element></Entity_Spatial></Parcel><Parcel CadastralNumber=":45" Name="01" State="01" DateCreated="2007-01-01"><Areas><Area><AreaCode>008</AreaCode><Area>2818.05</Area><Unit>055</Unit></Area></Areas><Location><Address><Code_OKATO>45286565000</Code_OKATO><Code_KLADR>77000000000064500</Code_KLADR><Region>77</Region><Street Name="Краснопрудный" Type="пер" /><Note>г Москва, пер Краснопрудный, ЗУ 01/77/01217 является уч.3619 перечня ЗУ существующей УДС От границы с ЗУ 01/77/01211 (Краснопрудная ул.) до границы с ЗУ 01/77/ПРОЕК (Проектируемый проезд уч.УДС 3620)</Note></Address></Location><Category Category="003002000000" /><Utilization ByDoc="эксплуатации улично-дорожной сети" /><Ground_Payments><Ground_Payment Kind="016010000000" Value="0.001" Unit="384" Date="2008-01-17" /></Ground_Payments><Entity_Spatial Ent_Sys="1"><Spatial_Element><Spelement_Unit Type_Unit="Точка" Su_Nmb="1"><Ordinate X="12239.28" Y="10200.57" /></Spelement_Unit><Spelement_Unit Type_Unit="Точка" Su_Nmb="2"><Ordinate X="12188.26" Y="10241.61" /></Spelement_Unit><Spelement_Unit Type_Unit="Точка" Su_Nmb="3"><Ordinate X="12114.62" Y="10302.94" /></Spelement_Unit><Spelement_Unit Type_Unit="Точка" Su_Nmb="4"><Ordinate X="12123.63" Y="10269.22" /></Spelement_Unit><Spelement_Unit Type_Unit="Точка" Su_Nmb="5"><Ordinate X="12227.56" Y="10186.25" /></Spelement_Unit></Spatial_Element></Entity_Spatial></Parcel><Parcel CadastralNumber=":46" Name="01" State="01" DateCreated="2007-01-01"><Areas><Area><AreaCode>008</AreaCode><Area>16338</Area><Unit>055</Unit></Area></Areas><Location><inBounds>1</inBounds><Address><Code_OKATO>45286565000</Code_OKATO><Code_KLADR>77000000000064400</Code_KLADR><Region>77</Region><Street Name="Краснопрудная" Type="ул" /><Note>г Москва, ул Краснопрудная, ЗУ 01/77/01211 в составе уч.3618 перечня ЗУ существующей УДС, От границы с ЗУ 01/77/01147 (Комсомольская пл.), совпадающей с кад.границей (с кв.77:01:03039), проходящей по оси Проектируемый проезд уч.УДС 3620 до границы с ЗУ 01/77/01212 (Краснопрудная ул.), совпадающей с кад.границей (с кв.77:01:03032), проходящей по оси Красносельская Нижн. ул.</Note></Address></Location><Category Category="003002000000" /><Utilization ByDoc="эксплуатации улично-дорожной сети" /><Ground_Payments><Ground_Payment Kind="016010000000" Value="0.001" Unit="384" Date="2008-01-17" /></Ground_Payments><Entity_Spatial Ent_Sys="1"><Spatial_Element><Spelement_Unit Type_Unit="Точка" Su_Nmb="1"><Ordinate X="12532.05" Y="10536.81" /></Spelement_Unit><Spelement_Unit Type_Unit="Точка" Su_Nmb="2"><Ordinate X="12517.39" Y="10549.64" /></Spelement_Unit><Spelement_Unit Type_Unit="Точка" Su_Nmb="3"><Ordinate X="12505.84" Y="10536.81" /></Spelement_Unit><Spelement_Unit Type_Unit="Точка" Su_Nmb="4"><Ordinate X="12351.22" Y="10339.29" /></Spelement_Unit><Spelement_Unit Type_Unit="Точка" Su_Nmb="5"><Ordinate X="12341.13" Y="10326.41" /></Spelement_Unit><Spelement_Unit Type_Unit="Точка" Su_Nmb="6"><Ordinate X="12315.80" Y="10294.05" /></Spelement_Unit><Spelement_Unit Type_Unit="Точка" Su_Nmb="7"><Ordinate X="12239.28" Y="10200.57" /></Spelement_Unit><Spelement_Unit Type_Unit="Точка" Su_Nmb="8"><Ordinate X="12227.56" Y="10186.25" /></Spelement_Unit><Spelement_Unit Type_Unit="Точка" Su_Nmb="9"><Ordinate X="12147.04" Y="10087.87" /></Spelement_Unit><Spelement_Unit Type_Unit="Точка" Su_Nmb="10"><Ordinate X="12138.80" Y="10077.33" /></Spelement_Unit><Spelement_Unit Type_Unit="Точка" Su_Nmb="11"><Ordinate X="12138.43" Y="10076.87" /></Spelement_Unit><Spelement_Unit Type_Unit="Точка" Su_Nmb="12"><Ordinate X="12138.19" Y="10076.60" /></Spelement_Unit><Spelement_Unit Type_Unit="Точка" Su_Nmb="13"><Ordinate X="12127" Y="10062.42" /></Spelement_Unit><Spelement_Unit Type_Unit="Точка" Su_Nmb="14"><Ordinate X="12155.55" Y="10051.48" /></Spelement_Unit><Spelement_Unit Type_Unit="Точка" Su_Nmb="15"><Ordinate X="12168.51" Y="10071.84" /></Spelement_Unit><Spelement_Unit Type_Unit="Точка" Su_Nmb="16"><Ordinate X="12230.28" Y="10147.76" /></Spelement_Unit><Spelement_Unit Type_Unit="Точка" Su_Nmb="17"><Ordinate X="12292.97" Y="10223.99" /></Spelement_Unit><Spelement_Unit Type_Unit="Точка" Su_Nmb="18"><Ordinate X="12401.16" Y="10355.30" /></Spelement_Unit></Spatial_Element></Entity_Spatial></Parcel><Parcel CadastralNumber=":47" Name="01" State="01" DateCreated="2007-01-01"><Areas><Area><AreaCode>008</AreaCode><Area>1357</Area><Unit>055</Unit></Area></Areas><Location><inBounds>1</inBounds><Address><Code_OKATO>45286565000</Code_OKATO><Code_KLADR>77000000000064400</Code_KLADR><Region>77</Region><Street Name="Краснопрудная" Type="ул" /><Level1 Type="д" Value="22" /><Note>г Москва, ул Краснопрудная, вл 22</Note></Address></Location><Category Category="003002000000" /><Utilization ByDoc="эксплуатации здания ПТО электровозов" /><Rights><Right><Name>Собственность</Name><Type>001001000000</Type></Right></Rights><Ground_Payments><Ground_Payment Kind="016010000000" Value="13409.77901" Unit="384" Date="2008-01-17" /></Ground_Payments><Entity_Spatial Ent_Sys="1"><Spatial_Element><Spelement_Unit Type_Unit="Точка" Su_Nmb="1"><Ordinate X="12338.93" Y="10504.85" /></Spelement_Unit><Spelement_Unit Type_Unit="Точка" Su_Nmb="2"><Ordinate X="12323.44" Y="10514.76" /></Spelement_Unit><Spelement_Unit Type_Unit="Точка" Su_Nmb="3"><Ordinate X="12328.74" Y="10521.42" /></Spelement_Unit><Spelement_Unit Type_Unit="Точка" Su_Nmb="4"><Ordinate X="12315.50" Y="10531.60" /></Spelement_Unit><Spelement_Unit Type_Unit="Точка" Su_Nmb="5"><Ordinate X="12283.26" Y="10488.69" /></Spelement_Unit><Spelement_Unit Type_Unit="Точка" Su_Nmb="6"><Ordinate X="12293.04" Y="10481.34" /></Spelement_Unit><Spelement_Unit Type_Unit="Точка" Su_Nmb="7"><Ordinate X="12297.35" Y="10478.35" /></Spelement_Unit><Spelement_Unit Type_Unit="Точка" Su_Nmb="8"><Ordinate X="12295.67" Y="10475.83" /></Spelement_Unit><Spelement_Unit Type_Unit="Точка" Su_Nmb="9"><Ordinate X="12301.19" Y="10471.87" /></Spelement_Unit><Spelement_Unit Type_Unit="Точка" Su_Nmb="10"><Ordinate X="12322.97" Y="10502.48" /></Spelement_Unit><Spelement_Unit Type_Unit="Точка" Su_Nmb="11"><Ordinate X="12332.70" Y="10495.97" /></Spelement_Unit></Spatial_Element></Entity_Spatial></Parcel><Parcel CadastralNumber=":48" Name="01" State="01" DateCreated="2007-01-01"><Areas><Area><AreaCode>008</AreaCode><Area>510</Area><Unit>055</Unit></Area></Areas><Location><Address><Code_OKATO>45286565000</Code_OKATO><Code_KLADR>77000000000064400</Code_KLADR><Region>77</Region><Street Name="Краснопрудная" Type="ул" /><Level1 Type="д" Value="12/1" /><Level3 Type="строен" Value="1" /><Note>г Москва, ул Краснопрудная, вл 12/1, стр 1</Note></Address></Location><Category Category="003002000000" /><Utilization ByDoc="эксплуатации части здания под административные цели" /><Ground_Payments><Ground_Payment Kind="016010000000" Value="27105.684" Unit="384" Date="2008-01-17" /></Ground_Payments><Encumbrances><Encumbrance><Name>Аренда</Name><Type>022006000000</Type></Encumbrance></Encumbrances><Entity_Spatial Ent_Sys="1"><Spatial_Element><Spelement_Unit Type_Unit="Точка" Su_Nmb="1"><Ordinate X="12188.38" Y="10241.79" /></Spelement_Unit><Spelement_Unit Type_Unit="Точка" Su_Nmb="2"><Ordinate X="12196.84" Y="10251.95" /></Spelement_Unit><Spelement_Unit Type_Unit="Точка" Su_Nmb="3"><Ordinate X="12204.49" Y="10245.78" /></Spelement_Unit><Spelement_Unit Type_Unit="Точка" Su_Nmb="4"><Ordinate X="12205.35" Y="10246.84" /></Spelement_Unit><Spelement_Unit Type_Unit="Точка" Su_Nmb="5"><Ordinate X="12206.02" Y="10246.99" /></Spelement_Unit><Spelement_Unit Type_Unit="Точка" Su_Nmb="6"><Ordinate X="12205.80" Y="10248.22" /></Spelement_Unit><Spelement_Unit Type_Unit="Точка" Su_Nmb="7"><Ordinate X="12204.35" Y="10249.41" /></Spelement_Unit><Spelement_Unit Type_Unit="Точка" Su_Nmb="8"><Ordinate X="12204.03" Y="10250.11" /></Spelement_Unit><Spelement_Unit Type_Unit="Точка" Su_Nmb="9"><Ordinate X="12204.35" Y="10250.82" /></Spelement_Unit><Spelement_Unit Type_Unit="Точка" Su_Nmb="10"><Ordinate X="12209.64" Y="10257.27" /></Spelement_Unit><Spelement_Unit Type_Unit="Точка" Su_Nmb="11"><Ordinate X="12210.89" Y="10257.40" /></Spelement_Unit><Spelement_Unit Type_Unit="Точка" Su_Nmb="12"><Ordinate X="12219.33" Y="10250.42" /></Spelement_Unit><Spelement_Unit Type_Unit="Точка" Su_Nmb="13"><Ordinate X="12219.36" Y="10249.27" /></Spelement_Unit><Spelement_Unit Type_Unit="Точка" Su_Nmb="14"><Ordinate X="12213.89" Y="10242.62" /></Spelement_Unit><Spelement_Unit Type_Unit="Точка" Su_Nmb="15"><Ordinate X="12212.74" Y="10242.45" /></Spelement_Unit><Spelement_Unit Type_Unit="Точка" Su_Nmb="16"><Ordinate X="12211.29" Y="10243.65" /></Spelement_Unit><Spelement_Unit Type_Unit="Точка" Su_Nmb="17"><Ordinate X="12209.44" Y="10243.63" /></Spelement_Unit><Spelement_Unit Type_Unit="Точка" Su_Nmb="18"><Ordinate X="12208.46" Y="10242.48" /></Spelement_Unit><Spelement_Unit Type_Unit="Точка" Su_Nmb="19"><Ordinate X="12219.14" Y="10233.65" /></Spelement_Unit><Spelement_Unit Type_Unit="Точка" Su_Nmb="20"><Ordinate X="12214.05" Y="10227.54" /></Spelement_Unit><Spelement_Unit Type_Unit="Точка" Su_Nmb="21"><Ordinate X="12211.76" Y="10229.46" /></Spelement_Unit><Spelement_Unit Type_Unit="Точка" Su_Nmb="22"><Ordinate X="12208.49" Y="10225.39" /></Spelement_Unit></Spatial_Element></Entity_Spatial></Parcel><Parcel CadastralNumber=":49" Name="01" State="01" DateCreated="2007-01-01"><Areas><Area><AreaCode>008</AreaCode><Area>18</Area><Unit>055</Unit></Area></Areas><Location><inBounds>1</inBounds><Address><Code_OKATO>45286565000</Code_OKATO><Code_KLADR>77000000000064400</Code_KLADR><Region>77</Region><Street Name="Краснопрудная" Type="ул" /><Level1 Type="д" Value="22-24" /><Note>г Москва, ул Краснопрудная, вл 22-24</Note></Address></Location><Category Category="003002000000" /><Utilization ByDoc="размещения и эксплуатации некапитального торгового павильона &quot;Цветы&quot;, являющегося некапитальным объектом, движимым имуществом" /><Ground_Payments><Ground_Payment Kind="016010000000" Value="1065.28482" Unit="384" Date="2008-01-17" /></Ground_Payments><Encumbrances><Encumbrance><Name>Аренда</Name><Type>022006000000</Type></Encumbrance></Encumbrances><Entity_Spatial Ent_Sys="1"><Spatial_Element><Spelement_Unit Type_Unit="Точка" Su_Nmb="1"><Ordinate X="12461.82" Y="10488.79" /></Spelement_Unit><Spelement_Unit Type_Unit="Точка" Su_Nmb="2"><Ordinate X="12464.32" Y="10492" /></Spelement_Unit><Spelement_Unit Type_Unit="Точка" Su_Nmb="3"><Ordinate X="12467.83" Y="10489.27" /></Spelement_Unit><Spelement_Unit Type_Unit="Точка" Su_Nmb="4"><Ordinate X="12465.33" Y="10486.06" /></Spelement_Unit></Spatial_Element></Entity_Spatial></Parcel><Parcel CadastralNumber=":51" Name="01" State="01" DateCreated="2007-01-01"><Areas><Area><AreaCode>008</AreaCode><Area>752</Area><Unit>055</Unit></Area></Areas><Location><inBounds>1</inBounds><Address><Code_OKATO>45286565000</Code_OKATO><Code_KLADR>77000000000064400</Code_KLADR><Region>77</Region><Street Name="Краснопрудная" Type="ул" /><Level1 Type="д" Value="22-24" /><Level3 Type="строен" Value="1" /><Note>г Москва, ул Краснопрудная, вл 22-24, стр 1</Note></Address></Location><Category Category="003002000000" /><Utilization ByDoc="эксплуатации здания под административные цели" /><Ground_Payments><Ground_Payment Kind="016010000000" Value="39512.32096" Unit="384" Date="2008-01-17" /></Ground_Payments><Encumbrances><Encumbrance><Name>Долгосрочная аренда</Name><Type>022006000000</Type></Encumbrance><Encumbrance><Name>Аренда</Name><Type>022006000000</Type></Encumbrance></Encumbrances><Entity_Spatial Ent_Sys="1"><Spatial_Element><Spelement_Unit Type_Unit="Точка" Su_Nmb="1"><Ordinate X="12423.49" Y="10509.35" /></Spelement_Unit><Spelement_Unit Type_Unit="Точка" Su_Nmb="2"><Ordinate X="12408.09" Y="10521.93" /></Spelement_Unit><Spelement_Unit Type_Unit="Точка" Su_Nmb="3"><Ordinate X="12402.99" Y="10514.96" /></Spelement_Unit><Spelement_Unit Type_Unit="Точка" Su_Nmb="4"><Ordinate X="12398.47" Y="10518.59" /></Spelement_Unit><Spelement_Unit Type_Unit="Точка" Su_Nmb="5"><Ordinate X="12398.62" Y="10518.81" /></Spelement_Unit><Spelement_Unit Type_Unit="Точка" Su_Nmb="6"><Ordinate X="12397.93" Y="10519.31" /></Spelement_Unit><Spelement_Unit Type_Unit="Точка" Su_Nmb="7"><Ordinate X="12397.48" Y="10518.70" /></Spelement_Unit><Spelement_Unit Type_Unit="Точка" Su_Nmb="8"><Ordinate X="12397.03" Y="10519.04" /></Spelement_Unit><Spelement_Unit Type_Unit="Точка" Su_Nmb="9"><Ordinate X="12395.61" Y="10516.99" /></Spelement_Unit><Spelement_Unit Type_Unit="Точка" Su_Nmb="10"><Ordinate X="12396.01" Y="10516.69" /></Spelement_Unit><Spelement_Unit Type_Unit="Точка" Su_Nmb="11"><Ordinate X="12387.78" Y="10505.31" /></Spelement_Unit><Spelement_Unit Type_Unit="Точка" Su_Nmb="12"><Ordinate X="12388.15" Y="10505.01" /></Spelement_Unit><Spelement_Unit Type_Unit="Точка" Su_Nmb="13"><Ordinate X="12385.18" Y="10500.90" /></Spelement_Unit><Spelement_Unit Type_Unit="Точка" Su_Nmb="14"><Ordinate X="12384.79" Y="10501.16" /></Spelement_Unit><Spelement_Unit Type_Unit="Точка" Su_Nmb="15"><Ordinate X="12376.22" Y="10489.35" /></Spelement_Unit><Spelement_Unit Type_Unit="Точка" Su_Nmb="16"><Ordinate X="12374.96" Y="10487.60" /></Spelement_Unit><Spelement_Unit Type_Unit="Точка" Su_Nmb="17"><Ordinate X="12374.51" Y="10486.90" /></Spelement_Unit><Spelement_Unit Type_Unit="Точка" Su_Nmb="18"><Ordinate X="12385.24" Y="10479.21" /></Spelement_Unit><Spelement_Unit Type_Unit="Точка" Su_Nmb="19"><Ordinate X="12396" Y="10494.02" /></Spelement_Unit><Spelement_Unit Type_Unit="Точка" Su_Nmb="20"><Ordinate X="12396.52" Y="10493.64" /></Spelement_Unit><Spelement_Unit Type_Unit="Точка" Su_Nmb="21"><Ordinate X="12398.60" Y="10496.51" /></Spelement_Unit><Spelement_Unit Type_Unit="Точка" Su_Nmb="22"><Ordinate X="12398.05" Y="10496.91" /></Spelement_Unit><Spelement_Unit Type_Unit="Точка" Su_Nmb="23"><Ordinate X="12400.38" Y="10500.11" /></Spelement_Unit><Spelement_Unit Type_Unit="Точка" Su_Nmb="24"><Ordinate X="12401.22" Y="10499.54" /></Spelement_Unit><Spelement_Unit Type_Unit="Точка" Su_Nmb="25"><Ordinate X="12404.18" Y="10503.51" /></Spelement_Unit><Spelement_Unit Type_Unit="Точка" Su_Nmb="26"><Ordinate X="12403.37" Y="10504.06" /></Spelement_Unit><Spelement_Unit Type_Unit="Точка" Su_Nmb="27"><Ordinate X="12406.17" Y="10507.77" /></Spelement_Unit><Spelement_Unit Type_Unit="Точка" Su_Nmb="28"><Ordinate X="12409.19" Y="10505.32" /></Spelement_Unit><Spelement_Unit Type_Unit="Точка" Su_Nmb="29"><Ordinate X="12408.49" Y="10504.50" /></Spelement_Unit><Spelement_Unit Type_Unit="Точка" Su_Nmb="30"><Ordinate X="12412.73" Y="10501.10" /></Spelement_Unit><Spelement_Unit Type_Unit="Точка" Su_Nmb="31"><Ordinate X="12413.36" Y="10501.99" /></Spelement_Unit><Spelement_Unit Type_Unit="Точка" Su_Nmb="32"><Ordinate X="12416.22" Y="10499.71" /></Spelement_Unit></Spatial_Element></Entity_Spatial></Parcel><Parcel CadastralNumber=":52" Name="01" State="01" DateCreated="2007-04-19"><Areas><Area><AreaCode>008</AreaCode><Area>2362</Area><Unit>055</Unit></Area></Areas><Location><inBounds>1</inBounds><Address><Code_OKATO>45286565000</Code_OKATO><Code_KLADR>77000000000064400</Code_KLADR><Region>77</Region><Street Name="Краснопрудная" Type="ул" /><Note>г. Москва, ул. Краснопрудная, вл. 14, стр. 1</Note></Address></Location><Category Category="003002000000" /><Utilization ByDoc="эксплуатации здания и территории под образовательные цели" /><Rights><Right><Name>Постоянное (бессрочное) пользование</Name><Type>001007000000</Type></Right><Right><Name>Собственность</Name><Type>001001000000</Type></Right></Rights><Ground_Payments><Ground_Payment Kind="016010000000" Value="100233.80838" Unit="384" Date="2008-01-17" /></Ground_Payments><Entity_Spatial Ent_Sys="1"><Spatial_Element><Spelement_Unit Type_Unit="Точка" Su_Nmb="1"><Ordinate X="12228.14" Y="10297.16" /></Spelement_Unit><Spelement_Unit Type_Unit="Точка" Su_Nmb="2"><Ordinate X="12214.56" Y="10307.20" /></Spelement_Unit><Spelement_Unit Type_Unit="Точка" Su_Nmb="3"><Ordinate X="12212.75" Y="10304.57" /></Spelement_Unit><Spelement_Unit Type_Unit="Точка" Su_Nmb="4"><Ordinate X="12204.77" Y="10311.10" /></Spelement_Unit><Spelement_Unit Type_Unit="Точка" Su_Nmb="5"><Ordinate X="12208.29" Y="10318.29" /></Spelement_Unit><Spelement_Unit Type_Unit="Точка" Su_Nmb="6"><Ordinate X="12226.85" Y="10340.82" /></Spelement_Unit><Spelement_Unit Type_Unit="Точка" Su_Nmb="7"><Ordinate X="12232.66" Y="10344.48" /></Spelement_Unit><Spelement_Unit Type_Unit="Точка" Su_Nmb="8"><Ordinate X="12256.19" Y="10326.38" /></Spelement_Unit><Spelement_Unit Type_Unit="Точка" Su_Nmb="9"><Ordinate X="12255.96" Y="10326.06" /></Spelement_Unit><Spelement_Unit Type_Unit="Точка" Su_Nmb="10"><Ordinate X="12261.88" Y="10321.39" /></Spelement_Unit><Spelement_Unit Type_Unit="Точка" Su_Nmb="11"><Ordinate X="12260.95" Y="10320.22" /></Spelement_Unit><Spelement_Unit Type_Unit="Точка" Su_Nmb="12"><Ordinate X="12264.64" Y="10317.23" /></Spelement_Unit><Spelement_Unit Type_Unit="Точка" Su_Nmb="13"><Ordinate X="12265.60" Y="10318.45" /></Spelement_Unit><Spelement_Unit Type_Unit="Точка" Su_Nmb="14"><Ordinate X="12269.06" Y="10315.73" /></Spelement_Unit><Spelement_Unit Type_Unit="Точка" Su_Nmb="15"><Ordinate X="12277.45" Y="10309.18" /></Spelement_Unit><Spelement_Unit Type_Unit="Точка" Su_Nmb="16"><Ordinate X="12277.11" Y="10308.63" /></Spelement_Unit><Spelement_Unit Type_Unit="Точка" Su_Nmb="17"><Ordinate X="12276.48" Y="10309.11" /></Spelement_Unit><Spelement_Unit Type_Unit="Точка" Su_Nmb="18"><Ordinate X="12265.29" Y="10294.45" /></Spelement_Unit><Spelement_Unit Type_Unit="Точка" Su_Nmb="19"><Ordinate X="12260.02" Y="10288" /></Spelement_Unit><Spelement_Unit Type_Unit="Точка" Su_Nmb="20"><Ordinate X="12259.02" Y="10285.69" /></Spelement_Unit><Spelement_Unit Type_Unit="Точка" Su_Nmb="21"><Ordinate X="12255.41" Y="10280.94" /></Spelement_Unit><Spelement_Unit Type_Unit="Точка" Su_Nmb="22"><Ordinate X="12250.38" Y="10285.06" /></Spelement_Unit><Spelement_Unit Type_Unit="Точка" Su_Nmb="23"><Ordinate X="12248.24" Y="10282.29" /></Spelement_Unit><Spelement_Unit Type_Unit="Точка" Su_Nmb="24"><Ordinate X="12244.86" Y="10284.78" /></Spelement_Unit></Spatial_Element></Entity_Spatial></Parcel></Parcels><Coord_System Name="СК кадастрового округа" Cs_Id="1" /></Cadastral_Block></Cadastral_Blocks></Cadastral_District></Cadastral_Districts></Cadastral_Region></Cadastral_Regions></Federal><Certification_Doc><Organization>филиал ФГБУ "ФКП Росреестра" по Москве</Organization><Date>2012-08-13</Date><Number>77/501/12-54533</Number><Appointment>Начальник отдела</Appointment><FIO>Демина Е. Ю.</FIO></Certification_Doc></Package></Region_Cadastr>